[  0%] Building C object tests/CMakeFiles/msaa_edge_instrumented.dir/__/libsoftgl/src/rasterizer.c.o
[  0%] Building C object tests/CMakeFiles/sg_compare.dir/harness/compare.c.o
[  0%] Building C object tests/CMakeFiles/bench_case_showcase.dir/cases/test_100_showcase.c.o
[  2%] Built target softgl
[  2%] Building C object tests/CMakeFiles/bench_case_shadow.dir/cases/test_202_shadow_volume.c.o
[  2%] Building C object tests/CMakeFiles/sg_compare.dir/harness/ppm_write.c.o
[  2%] Linking C executable sg_compare
[  2%] Built target bench_case_shadow
[  2%] Building C object tests/CMakeFiles/bench_case_particles.dir/cases/test_209_particles_additive.c.o
[  2%] Built target sg_compare
[  2%] Building C object tests/CMakeFiles/bench_case_city.dir/cases/test_98_city_block.c.o
[  2%] Built target bench_case_showcase
[  2%] Building C object tests/CMakeFiles/bench_case_sphere_lit.dir/cases/test_57_icosphere_lit.c.o
[  2%] Built target bench_case_particles
[  2%] Building C object tests/CMakeFiles/bench_tank.dir/bench/bench_tank.c.o
[  2%] Built target bench_case_sphere_lit
[  2%] Building C object tests/CMakeFiles/harness_softgl.dir/harness/harness_softgl.c.o
[  2%] Built target bench_case_city
[  2%] Linking C executable ../bench/bench_tank
[  2%] Building C object tests/CMakeFiles/harness_mesa.dir/harness/harness_mesa.c.o
[  2%] Building C object tests/CMakeFiles/harness_softgl.dir/harness/ppm_write.c.o
[  2%] Built target bench_tank
[  2%] Building C object tests/CMakeFiles/harness_mesa.dir/harness/ppm_write.c.o
[  2%] Linking C static library libharness_softgl.a
[  2%] Building C object tests/CMakeFiles/tank_image_scene.dir/__/wasm/tank_wrap.c.o
[  2%] Linking C static library libharness_mesa.a
[  2%] Built target harness_softgl
[  2%] Building C object tests/CMakeFiles/model_image_scene.dir/__/wasm/model_wrap.c.o
[  2%] Built target harness_mesa
[  2%] Built target tank_image_scene
[  2%] Built target queue_priority_instrumented
[  2%] Building C object tests/CMakeFiles/worker_pool.dir/worker_pool.c.o
[  2%] Building C object tests/CMakeFiles/multisample_contract.dir/multisample.c.o
[  3%] Linking C executable worker_pool
[  3%] Built target worker_pool
[  3%] Building C object tests/CMakeFiles/msaa_store_contract.dir/msaa_store.c.o
[  3%] Built target model_image_scene
[  3%] Building C object tests/CMakeFiles/hierarchical_depth_contract.dir/hierarchical_depth.c.o
[  3%] Linking C executable multisample_contract
[  3%] Built target multisample_contract
[  3%] Building C object tests/CMakeFiles/dot3_chain_contract.dir/dot3_chain.c.o
[  3%] Linking C executable hierarchical_depth_contract
[  3%] Linking C executable msaa_store_contract
[  3%] Linking C executable dot3_chain_contract
[  3%] Built target hierarchical_depth_contract
[  3%] Built target dot3_chain_contract
[  3%] Built target msaa_store_contract
[  3%] Building C object tests/CMakeFiles/constant_texture_contract.dir/constant_texture.c.o
[  3%] Building C object tests/CMakeFiles/pixel_packet_contract.dir/pixel_packet.c.o
[  4%] Building C object tests/CMakeFiles/cube_packet_contract.dir/cube_packet.c.o
[  4%] Linking C executable constant_texture_contract
[  4%] Building C object tests/CMakeFiles/cube_packet_contract.dir/__/libsoftgl/src/rasterizer.c.o
[  4%] Built target constant_texture_contract
[  4%] Building C object tests/CMakeFiles/cube_packet_contract.dir/__/libsoftgl/src/fragment.c.o
[  4%] Building C object tests/CMakeFiles/pixel_packet_contract.dir/__/libsoftgl/src/rasterizer.c.o
[  4%] Building C object tests/CMakeFiles/geometry_cache_contract.dir/geometry_cache.c.o
[  5%] Linking C executable geometry_cache_contract
[  5%] Built target geometry_cache_contract
[  5%] Building C object tests/CMakeFiles/cube_packet_contract.dir/__/libsoftgl/src/fragment_combine.c.o
[  5%] Building C object tests/CMakeFiles/pixel_packet_contract.dir/__/libsoftgl/src/fragment.c.o
[  5%] Building C object tests/CMakeFiles/async_raster_contract.dir/async_raster.c.o
[  5%] Linking C executable async_raster_contract
[  5%] Built target async_raster_contract
[  5%] Building C object tests/CMakeFiles/pixel_packet_contract.dir/__/libsoftgl/src/fragment_combine.c.o
[  5%] Building C object tests/CMakeFiles/raster_vertex_pack_contract.dir/raster_vertex_pack.c.o
[  5%] Linking C executable raster_vertex_pack_contract
[  5%] Built target raster_vertex_pack_contract
[  5%] Building C object tests/CMakeFiles/packed_stream_contract.dir/packed_stream.c.o
[  5%] Linking C executable packed_stream_contract
[  5%] Built target packed_stream_contract
[  5%] Building C object tests/CMakeFiles/simd_clamp_contract.dir/simd_clamp.c.o
[  5%] Linking C executable simd_clamp_contract
[  5%] Built target simd_clamp_contract
[  5%] Building C object tests/CMakeFiles/ordered_draw_queue_contract.dir/ordered_draw_queue.c.o
[  6%] Linking C executable ordered_draw_queue_contract
[  6%] Built target ordered_draw_queue_contract
[  6%] Building C object tests/CMakeFiles/msaa_additive_contract.dir/msaa_additive.c.o
[  7%] Linking C executable msaa_additive_contract
[  7%] Built target msaa_additive_contract
[  7%] Building C object tests/CMakeFiles/triangle_stage_contract.dir/triangle_stage.c.o
[  7%] Linking C executable triangle_stage_contract
[  7%] Built target triangle_stage_contract
[  7%] Building C object tests/CMakeFiles/msaa_scanline_contract.dir/msaa_scanline.c.o
[  7%] Linking C executable msaa_scanline_contract
[  7%] Built target msaa_scanline_contract
[  7%] Building C object tests/CMakeFiles/cube_filter_contract.dir/cube_filter.c.o
[  7%] Building C object tests/CMakeFiles/cube_filter_contract.dir/__/libsoftgl/src/fragment.c.o
[  7%] Building C object tests/CMakeFiles/cube_filter_contract.dir/__/libsoftgl/src/fragment_combine.c.o
[  7%] Linking C executable cube_filter_contract
[  7%] Built target cube_filter_contract
[  7%] Building C object tests/CMakeFiles/cache_coverage_contract.dir/cache_coverage.c.o
[  7%] Linking C executable cache_coverage_contract
[  7%] Built target cache_coverage_contract
[  7%] Building C object tests/CMakeFiles/depth_replay_contract.dir/depth_replay.c.o
[  7%] Linking C executable depth_replay_contract
[  7%] Built target depth_replay_contract
[  7%] Building C object tests/CMakeFiles/position_cache_contract.dir/position_cache.c.o
[  7%] Linking C executable position_cache_contract
[  7%] Built target position_cache_contract
[  7%] Building C object tests/CMakeFiles/vertex_inputs_contract.dir/vertex_inputs.c.o
[  7%] Linking C executable vertex_inputs_contract
[  7%] Built target vertex_inputs_contract
[  7%] Building C object tests/CMakeFiles/bench_raster.dir/bench/bench_raster.c.o
[  7%] Linking C executable ../bench/bench_raster
[  7%] Built target bench_raster
[  7%] Building C object tests/CMakeFiles/bench_scenes.dir/bench/bench_scenes.c.o
[  8%] Linking C executable ../bench/bench_scenes
[  8%] Built target bench_scenes
[  8%] Building C object tests/CMakeFiles/ref_01_clear_black.dir/cases/test_01_clear_black.c.o
[  8%] Linking C executable ../tests_ref/ref_01_clear_black
[  8%] Built target ref_01_clear_black
[  9%] Building C object tests/CMakeFiles/sgl_01_clear_black.dir/cases/test_01_clear_black.c.o
[  9%] Linking C executable ../tests_sgl/sgl_01_clear_black
[  9%] Built target sgl_01_clear_black
[  9%] Building C object tests/CMakeFiles/ref_02_clear_red.dir/cases/test_02_clear_red.c.o
[  9%] Linking C executable ../tests_ref/ref_02_clear_red
[  9%] Linking C executable cube_packet_contract
[  9%] Built target cube_packet_contract
[  9%] Building C object tests/CMakeFiles/sgl_02_clear_red.dir/cases/test_02_clear_red.c.o
[  9%] Linking C executable ../tests_sgl/sgl_02_clear_red
[  9%] Built target sgl_02_clear_red
[  9%] Building C object tests/CMakeFiles/ref_03_scissor_clear.dir/cases/test_03_scissor_clear.c.o
[  9%] Built target ref_02_clear_red
[  9%] Building C object tests/CMakeFiles/sgl_03_scissor_clear.dir/cases/test_03_scissor_clear.c.o
[  9%] Linking C executable ../tests_ref/ref_03_scissor_clear
[  9%] Linking C executable ../tests_sgl/sgl_03_scissor_clear
[  9%] Built target sgl_03_scissor_clear
[ 10%] Building C object tests/CMakeFiles/ref_04_partial_viewport_clear.dir/cases/test_04_partial_viewport_clear.c.o
[ 10%] Linking C executable pixel_packet_contract
[ 10%] Linking C executable ../tests_ref/ref_04_partial_viewport_clear
[ 10%] Built target pixel_packet_contract
[ 10%] Building C object tests/CMakeFiles/sgl_04_partial_viewport_clear.dir/cases/test_04_partial_viewport_clear.c.o
[ 10%] Linking C executable ../tests_sgl/sgl_04_partial_viewport_clear
[ 10%] Built target sgl_04_partial_viewport_clear
[ 10%] Building C object tests/CMakeFiles/ref_05_multi_clear_stripes.dir/cases/test_05_multi_clear_stripes.c.o
[ 10%] Built target ref_03_scissor_clear
[ 10%] Building C object tests/CMakeFiles/sgl_05_multi_clear_stripes.dir/cases/test_05_multi_clear_stripes.c.o
[ 10%] Linking C executable ../tests_sgl/sgl_05_multi_clear_stripes
[ 10%] Linking C executable ../tests_ref/ref_05_multi_clear_stripes
[ 10%] Built target sgl_05_multi_clear_stripes
[ 10%] Building C object tests/CMakeFiles/ref_06_get_viewport.dir/cases/test_06_get_viewport.c.o
[ 10%] Built target ref_04_partial_viewport_clear
[ 10%] Linking C executable ../tests_ref/ref_06_get_viewport
[ 10%] Building C object tests/CMakeFiles/sgl_06_get_viewport.dir/cases/test_06_get_viewport.c.o
[ 11%] Linking C executable ../tests_sgl/sgl_06_get_viewport
[ 11%] Built target sgl_06_get_viewport
[ 11%] Building C object tests/CMakeFiles/ref_07_matrix_identity.dir/cases/test_07_matrix_identity.c.o
[ 11%] Linking C executable ../tests_ref/ref_07_matrix_identity
[ 11%] Built target ref_05_multi_clear_stripes
[ 11%] Building C object tests/CMakeFiles/sgl_07_matrix_identity.dir/cases/test_07_matrix_identity.c.o
[ 11%] Linking C executable ../tests_sgl/sgl_07_matrix_identity
[ 11%] Built target sgl_07_matrix_identity
[ 11%] Built target ref_06_get_viewport
[ 11%] Building C object tests/CMakeFiles/ref_08_matrix_translate.dir/cases/test_08_matrix_translate.c.o
[ 11%] Building C object tests/CMakeFiles/sgl_08_matrix_translate.dir/cases/test_08_matrix_translate.c.o
[ 11%] Linking C executable ../tests_sgl/sgl_08_matrix_translate
[ 11%] Linking C executable ../tests_ref/ref_08_matrix_translate
[ 11%] Built target sgl_08_matrix_translate
[ 12%] Building C object tests/CMakeFiles/ref_09_matrix_stack.dir/cases/test_09_matrix_stack.c.o
[ 12%] Built target ref_07_matrix_identity
[ 12%] Building C object tests/CMakeFiles/sgl_09_matrix_stack.dir/cases/test_09_matrix_stack.c.o
[ 12%] Linking C executable ../tests_ref/ref_09_matrix_stack
[ 12%] Linking C executable ../tests_sgl/sgl_09_matrix_stack
[ 12%] Built target sgl_09_matrix_stack
[ 13%] Building C object tests/CMakeFiles/ref_10_ortho_projection.dir/cases/test_10_ortho_projection.c.o
[ 13%] Linking C executable ../tests_ref/ref_10_ortho_projection
[ 13%] Built target ref_08_matrix_translate
[ 13%] Building C object tests/CMakeFiles/sgl_10_ortho_projection.dir/cases/test_10_ortho_projection.c.o
[ 13%] Linking C executable ../tests_sgl/sgl_10_ortho_projection
[ 13%] Built target sgl_10_ortho_projection
[ 13%] Building C object tests/CMakeFiles/ref_11_triangle_ccw.dir/cases/test_11_triangle_ccw.c.o
[ 13%] Built target msaa_edge_instrumented
[ 13%] Built target ref_09_matrix_stack
[ 13%] Building C object tests/CMakeFiles/sgl_11_triangle_ccw.dir/cases/test_11_triangle_ccw.c.o
[ 13%] Building C object tests/CMakeFiles/ref_12_triangle_cw_culled.dir/cases/test_12_triangle_cw_culled.c.o
[ 13%] Linking C executable ../tests_sgl/sgl_11_triangle_ccw
[ 13%] Linking C executable ../tests_ref/ref_11_triangle_ccw
[ 13%] Built target sgl_11_triangle_ccw
[ 13%] Linking C executable ../tests_ref/ref_12_triangle_cw_culled
[ 13%] Building C object tests/CMakeFiles/sgl_12_triangle_cw_culled.dir/cases/test_12_triangle_cw_culled.c.o
[ 13%] Linking C executable ../tests_sgl/sgl_12_triangle_cw_culled
[ 13%] Built target ref_10_ortho_projection
[ 13%] Building C object tests/CMakeFiles/ref_13_triangle_depth.dir/cases/test_13_triangle_depth.c.o
[ 13%] Built target sgl_12_triangle_cw_culled
[ 13%] Building C object tests/CMakeFiles/sgl_13_triangle_depth.dir/cases/test_13_triangle_depth.c.o
[ 13%] Linking C executable ../tests_sgl/sgl_13_triangle_depth
[ 13%] Linking C executable ../tests_ref/ref_13_triangle_depth
[ 13%] Built target sgl_13_triangle_depth
[ 13%] Built target ref_11_triangle_ccw
[ 13%] Building C object tests/CMakeFiles/ref_14_triangle_frustum.dir/cases/test_14_triangle_frustum.c.o
[ 13%] Building C object tests/CMakeFiles/sgl_14_triangle_frustum.dir/cases/test_14_triangle_frustum.c.o
[ 13%] Linking C executable ../tests_sgl/sgl_14_triangle_frustum
[ 13%] Linking C executable ../tests_ref/ref_14_triangle_frustum
[ 13%] Built target ref_12_triangle_cw_culled
[ 13%] Built target sgl_14_triangle_frustum
[ 13%] Building C object tests/CMakeFiles/ref_15_two_tris_depth.dir/cases/test_15_two_tris_depth.c.o
[ 13%] Building C object tests/CMakeFiles/sgl_15_two_tris_depth.dir/cases/test_15_two_tris_depth.c.o
[ 14%] Linking C executable ../tests_sgl/sgl_15_two_tris_depth
[ 14%] Linking C executable ../tests_ref/ref_15_two_tris_depth
[ 14%] Built target sgl_15_two_tris_depth
[ 14%] Built target ref_13_triangle_depth
[ 14%] Building C object tests/CMakeFiles/ref_16_flat_shaded.dir/cases/test_16_flat_shaded.c.o
[ 15%] Building C object tests/CMakeFiles/sgl_16_flat_shaded.dir/cases/test_16_flat_shaded.c.o
[ 15%] Linking C executable ../tests_sgl/sgl_16_flat_shaded
[ 15%] Linking C executable ../tests_ref/ref_16_flat_shaded
[ 15%] Built target sgl_16_flat_shaded
[ 15%] Building C object tests/CMakeFiles/ref_17_gouraud_rgb.dir/cases/test_17_gouraud_rgb.c.o
[ 15%] Built target ref_14_triangle_frustum
[ 15%] Building C object tests/CMakeFiles/sgl_17_gouraud_rgb.dir/cases/test_17_gouraud_rgb.c.o
[ 15%] Linking C executable ../tests_ref/ref_17_gouraud_rgb
[ 15%] Linking C executable ../tests_sgl/sgl_17_gouraud_rgb
[ 15%] Built target ref_15_two_tris_depth
[ 15%] Built target sgl_17_gouraud_rgb
[ 15%] Building C object tests/CMakeFiles/ref_18_fullscreen_quad.dir/cases/test_18_fullscreen_quad.c.o
[ 15%] Building C object tests/CMakeFiles/sgl_18_fullscreen_quad.dir/cases/test_18_fullscreen_quad.c.o
[ 15%] Linking C executable ../tests_sgl/sgl_18_fullscreen_quad
[ 15%] Built target sgl_18_fullscreen_quad
[ 15%] Linking C executable ../tests_ref/ref_18_fullscreen_quad
[ 15%] Building C object tests/CMakeFiles/ref_19_degenerate_triangle.dir/cases/test_19_degenerate_triangle.c.o
[ 15%] Built target ref_16_flat_shaded
[ 15%] Linking C executable ../tests_ref/ref_19_degenerate_triangle
[ 15%] Building C object tests/CMakeFiles/sgl_19_degenerate_triangle.dir/cases/test_19_degenerate_triangle.c.o
[ 15%] Linking C executable ../tests_sgl/sgl_19_degenerate_triangle
[ 15%] Built target sgl_19_degenerate_triangle
[ 15%] Built target ref_17_gouraud_rgb
[ 15%] Building C object tests/CMakeFiles/ref_20_triangle_at_edges.dir/cases/test_20_triangle_at_edges.c.o
[ 15%] Building C object tests/CMakeFiles/sgl_20_triangle_at_edges.dir/cases/test_20_triangle_at_edges.c.o
[ 15%] Linking C executable ../tests_sgl/sgl_20_triangle_at_edges
[ 15%] Linking C executable ../tests_ref/ref_20_triangle_at_edges
[ 15%] Built target sgl_20_triangle_at_edges
[ 15%] Building C object tests/CMakeFiles/ref_21_clip_left.dir/cases/test_21_clip_left.c.o
[ 15%] Built target ref_18_fullscreen_quad
[ 15%] Building C object tests/CMakeFiles/sgl_21_clip_left.dir/cases/test_21_clip_left.c.o
[ 15%] Linking C executable ../tests_ref/ref_21_clip_left
[ 15%] Linking C executable ../tests_sgl/sgl_21_clip_left
[ 15%] Built target ref_19_degenerate_triangle
[ 15%] Building C object tests/CMakeFiles/ref_22_clip_right.dir/cases/test_22_clip_right.c.o
[ 15%] Built target sgl_21_clip_left
[ 15%] Building C object tests/CMakeFiles/sgl_22_clip_right.dir/cases/test_22_clip_right.c.o
[ 15%] Linking C executable ../tests_sgl/sgl_22_clip_right
[ 16%] Linking C executable ../tests_ref/ref_22_clip_right
[ 16%] Built target sgl_22_clip_right
[ 16%] Building C object tests/CMakeFiles/ref_23_clip_top.dir/cases/test_23_clip_top.c.o
[ 16%] Built target ref_20_triangle_at_edges
[ 16%] Building C object tests/CMakeFiles/sgl_23_clip_top.dir/cases/test_23_clip_top.c.o
[ 16%] Linking C executable ../tests_sgl/sgl_23_clip_top
[ 16%] Linking C executable ../tests_ref/ref_23_clip_top
[ 16%] Built target sgl_23_clip_top
[ 16%] Built target ref_21_clip_left
[ 16%] Building C object tests/CMakeFiles/ref_24_clip_bottom.dir/cases/test_24_clip_bottom.c.o
[ 16%] Building C object tests/CMakeFiles/sgl_24_clip_bottom.dir/cases/test_24_clip_bottom.c.o
[ 16%] Linking C executable ../tests_sgl/sgl_24_clip_bottom
[ 16%] Linking C executable ../tests_ref/ref_24_clip_bottom
[ 16%] Built target sgl_24_clip_bottom
[ 16%] Built target ref_22_clip_right
[ 16%] Building C object tests/CMakeFiles/ref_25_clip_near.dir/cases/test_25_clip_near.c.o
[ 16%] Building C object tests/CMakeFiles/sgl_25_clip_near.dir/cases/test_25_clip_near.c.o
[ 17%] Linking C executable ../tests_sgl/sgl_25_clip_near
[ 17%] Linking C executable ../tests_ref/ref_25_clip_near
[ 17%] Built target sgl_25_clip_near
[ 17%] Building C object tests/CMakeFiles/ref_26_clip_far.dir/cases/test_26_clip_far.c.o
[ 17%] Built target ref_23_clip_top
[ 17%] Building C object tests/CMakeFiles/sgl_26_clip_far.dir/cases/test_26_clip_far.c.o
[ 17%] Linking C executable ../tests_ref/ref_26_clip_far
[ 17%] Linking C executable ../tests_sgl/sgl_26_clip_far
[ 17%] Built target sgl_26_clip_far
[ 17%] Built target ref_24_clip_bottom
[ 17%] Building C object tests/CMakeFiles/ref_27_clip_all_planes.dir/cases/test_27_clip_all_planes.c.o
[ 17%] Building C object tests/CMakeFiles/sgl_27_clip_all_planes.dir/cases/test_27_clip_all_planes.c.o
[ 17%] Linking C executable ../tests_sgl/sgl_27_clip_all_planes
[ 17%] Linking C executable ../tests_ref/ref_27_clip_all_planes
[ 17%] Built target sgl_27_clip_all_planes
[ 18%] Building C object tests/CMakeFiles/ref_28_clip_offscreen_but_visible.dir/cases/test_28_clip_offscreen_but_visible.c.o
[ 18%] Built target ref_25_clip_near
[ 18%] Building C object tests/CMakeFiles/sgl_28_clip_offscreen_but_visible.dir/cases/test_28_clip_offscreen_but_visible.c.o
[ 18%] Linking C executable ../tests_ref/ref_28_clip_offscreen_but_visible
[ 18%] Linking C executable ../tests_sgl/sgl_28_clip_offscreen_but_visible
[ 18%] Built target ref_26_clip_far
[ 18%] Built target sgl_28_clip_offscreen_but_visible
[ 18%] Building C object tests/CMakeFiles/ref_29_clip_quad_seam.dir/cases/test_29_clip_quad_seam.c.o
[ 18%] Building C object tests/CMakeFiles/sgl_29_clip_quad_seam.dir/cases/test_29_clip_quad_seam.c.o
[ 18%] Linking C executable ../tests_sgl/sgl_29_clip_quad_seam
[ 18%] Linking C executable ../tests_ref/ref_29_clip_quad_seam
[ 18%] Built target sgl_29_clip_quad_seam
[ 18%] Building C object tests/CMakeFiles/ref_30_clip_many_triangles.dir/cases/test_30_clip_many_triangles.c.o
[ 18%] Built target ref_27_clip_all_planes
[ 18%] Building C object tests/CMakeFiles/sgl_30_clip_many_triangles.dir/cases/test_30_clip_many_triangles.c.o
[ 18%] Linking C executable ../tests_ref/ref_30_clip_many_triangles
[ 19%] Linking C executable ../tests_sgl/sgl_30_clip_many_triangles
[ 19%] Built target sgl_30_clip_many_triangles
[ 19%] Built target ref_28_clip_offscreen_but_visible
[ 19%] Building C object tests/CMakeFiles/ref_31_translate.dir/cases/test_31_translate.c.o
[ 19%] Building C object tests/CMakeFiles/sgl_31_translate.dir/cases/test_31_translate.c.o
[ 19%] Linking C executable ../tests_sgl/sgl_31_translate
[ 19%] Linking C executable ../tests_ref/ref_31_translate
[ 19%] Built target sgl_31_translate
[ 19%] Building C object tests/CMakeFiles/ref_32_rotate_x.dir/cases/test_32_rotate_x.c.o
[ 19%] Built target ref_29_clip_quad_seam
[ 19%] Building C object tests/CMakeFiles/sgl_32_rotate_x.dir/cases/test_32_rotate_x.c.o
[ 19%] Linking C executable ../tests_sgl/sgl_32_rotate_x
[ 19%] Linking C executable ../tests_ref/ref_32_rotate_x
[ 19%] Built target sgl_32_rotate_x
[ 19%] Building C object tests/CMakeFiles/ref_33_rotate_y.dir/cases/test_33_rotate_y.c.o
[ 19%] Built target ref_30_clip_many_triangles
[ 19%] Building C object tests/CMakeFiles/sgl_33_rotate_y.dir/cases/test_33_rotate_y.c.o
[ 19%] Linking C executable ../tests_sgl/sgl_33_rotate_y
[ 20%] Linking C executable ../tests_ref/ref_33_rotate_y
[ 20%] Built target sgl_33_rotate_y
[ 20%] Built target ref_31_translate
[ 20%] Building C object tests/CMakeFiles/ref_34_rotate_z.dir/cases/test_34_rotate_z.c.o
[ 20%] Building C object tests/CMakeFiles/sgl_34_rotate_z.dir/cases/test_34_rotate_z.c.o
[ 20%] Linking C executable ../tests_sgl/sgl_34_rotate_z
[ 20%] Linking C executable ../tests_ref/ref_34_rotate_z
[ 20%] Built target sgl_34_rotate_z
[ 20%] Building C object tests/CMakeFiles/ref_35_scale_nonuniform.dir/cases/test_35_scale_nonuniform.c.o
[ 20%] Built target ref_32_rotate_x
[ 20%] Building C object tests/CMakeFiles/sgl_35_scale_nonuniform.dir/cases/test_35_scale_nonuniform.c.o
[ 20%] Linking C executable ../tests_ref/ref_35_scale_nonuniform
[ 20%] Linking C executable ../tests_sgl/sgl_35_scale_nonuniform
[ 20%] Built target ref_33_rotate_y
[ 20%] Built target sgl_35_scale_nonuniform
[ 20%] Building C object tests/CMakeFiles/ref_36_rotate_translate.dir/cases/test_36_rotate_translate.c.o
[ 21%] Building C object tests/CMakeFiles/sgl_36_rotate_translate.dir/cases/test_36_rotate_translate.c.o
[ 21%] Linking C executable ../tests_sgl/sgl_36_rotate_translate
[ 21%] Linking C executable ../tests_ref/ref_36_rotate_translate
[ 21%] Built target sgl_36_rotate_translate
[ 21%] Building C object tests/CMakeFiles/ref_37_orbit.dir/cases/test_37_orbit.c.o
[ 21%] Built target ref_34_rotate_z
[ 21%] Building C object tests/CMakeFiles/sgl_37_orbit.dir/cases/test_37_orbit.c.o
[ 21%] Linking C executable ../tests_sgl/sgl_37_orbit
[ 21%] Linking C executable ../tests_ref/ref_37_orbit
[ 21%] Built target ref_35_scale_nonuniform
[ 21%] Built target sgl_37_orbit
[ 21%] Building C object tests/CMakeFiles/ref_38_perspective_60fov.dir/cases/test_38_perspective_60fov.c.o
[ 21%] Building C object tests/CMakeFiles/sgl_38_perspective_60fov.dir/cases/test_38_perspective_60fov.c.o
[ 21%] Linking C executable ../tests_sgl/sgl_38_perspective_60fov
[ 21%] Built target sgl_38_perspective_60fov
[ 22%] Linking C executable ../tests_ref/ref_38_perspective_60fov
[ 22%] Building C object tests/CMakeFiles/ref_39_aspect_correction.dir/cases/test_39_aspect_correction.c.o
[ 22%] Built target ref_36_rotate_translate
[ 22%] Building C object tests/CMakeFiles/sgl_39_aspect_correction.dir/cases/test_39_aspect_correction.c.o
[ 22%] Linking C executable ../tests_sgl/sgl_39_aspect_correction
[ 22%] Linking C executable ../tests_ref/ref_39_aspect_correction
[ 22%] Built target sgl_39_aspect_correction
[ 22%] Building C object tests/CMakeFiles/ref_40_hierarchical_transform.dir/cases/test_40_hierarchical_transform.c.o
[ 22%] Built target ref_37_orbit
[ 22%] Building C object tests/CMakeFiles/sgl_40_hierarchical_transform.dir/cases/test_40_hierarchical_transform.c.o
[ 22%] Linking C executable ../tests_ref/ref_40_hierarchical_transform
[ 22%] Linking C executable ../tests_sgl/sgl_40_hierarchical_transform
[ 22%] Built target sgl_40_hierarchical_transform
[ 22%] Building C object tests/CMakeFiles/ref_41_tex_checkerboard.dir/cases/test_41_tex_checkerboard.c.o
[ 22%] Built target ref_38_perspective_60fov
[ 23%] Building C object tests/CMakeFiles/sgl_41_tex_checkerboard.dir/cases/test_41_tex_checkerboard.c.o
[ 23%] Linking C executable ../tests_sgl/sgl_41_tex_checkerboard
[ 23%] Linking C executable ../tests_ref/ref_41_tex_checkerboard
[ 23%] Built target ref_39_aspect_correction
[ 23%] Building C object tests/CMakeFiles/ref_42_tex_gradient_bilinear.dir/cases/test_42_tex_gradient_bilinear.c.o
[ 23%] Built target sgl_41_tex_checkerboard
[ 23%] Building C object tests/CMakeFiles/sgl_42_tex_gradient_bilinear.dir/cases/test_42_tex_gradient_bilinear.c.o
[ 23%] Linking C executable ../tests_sgl/sgl_42_tex_gradient_bilinear
[ 23%] Linking C executable ../tests_ref/ref_42_tex_gradient_bilinear
[ 23%] Built target ref_40_hierarchical_transform
[ 23%] Built target sgl_42_tex_gradient_bilinear
[ 23%] Building C object tests/CMakeFiles/sgl_43_tex_repeat.dir/cases/test_43_tex_repeat.c.o
[ 23%] Building C object tests/CMakeFiles/ref_43_tex_repeat.dir/cases/test_43_tex_repeat.c.o
[ 23%] Linking C executable ../tests_sgl/sgl_43_tex_repeat
[ 23%] Linking C executable ../tests_ref/ref_43_tex_repeat
[ 23%] Built target sgl_43_tex_repeat
[ 23%] Built target ref_41_tex_checkerboard
[ 24%] Building C object tests/CMakeFiles/ref_44_tex_clamp.dir/cases/test_44_tex_clamp.c.o
[ 24%] Building C object tests/CMakeFiles/sgl_44_tex_clamp.dir/cases/test_44_tex_clamp.c.o
[ 24%] Linking C executable ../tests_sgl/sgl_44_tex_clamp
[ 24%] Linking C executable ../tests_ref/ref_44_tex_clamp
[ 24%] Built target sgl_44_tex_clamp
[ 24%] Built target ref_42_tex_gradient_bilinear
[ 24%] Building C object tests/CMakeFiles/ref_45_tex_many_repeats.dir/cases/test_45_tex_many_repeats.c.o
[ 24%] Building C object tests/CMakeFiles/sgl_45_tex_many_repeats.dir/cases/test_45_tex_many_repeats.c.o
[ 24%] Linking C executable ../tests_sgl/sgl_45_tex_many_repeats
[ 24%] Linking C executable ../tests_ref/ref_45_tex_many_repeats
[ 24%] Built target sgl_45_tex_many_repeats
[ 24%] Built target ref_43_tex_repeat
[ 24%] Building C object tests/CMakeFiles/ref_46_tex_alpha_cutout.dir/cases/test_46_tex_alpha_cutout.c.o
[ 24%] Building C object tests/CMakeFiles/sgl_46_tex_alpha_cutout.dir/cases/test_46_tex_alpha_cutout.c.o
[ 25%] Linking C executable ../tests_sgl/sgl_46_tex_alpha_cutout
[ 25%] Linking C executable ../tests_ref/ref_46_tex_alpha_cutout
[ 25%] Built target ref_44_tex_clamp
[ 25%] Built target sgl_46_tex_alpha_cutout
[ 25%] Building C object tests/CMakeFiles/ref_47_tex_modulate.dir/cases/test_47_tex_modulate.c.o
[ 25%] Building C object tests/CMakeFiles/sgl_47_tex_modulate.dir/cases/test_47_tex_modulate.c.o
[ 25%] Linking C executable ../tests_sgl/sgl_47_tex_modulate
[ 25%] Linking C executable ../tests_ref/ref_47_tex_modulate
[ 25%] Built target sgl_47_tex_modulate
[ 25%] Building C object tests/CMakeFiles/ref_48_tex_replace.dir/cases/test_48_tex_replace.c.o
[ 25%] Built target ref_45_tex_many_repeats
[ 25%] Building C object tests/CMakeFiles/sgl_48_tex_replace.dir/cases/test_48_tex_replace.c.o
[ 25%] Linking C executable ../tests_ref/ref_48_tex_replace
[ 25%] Linking C executable ../tests_sgl/sgl_48_tex_replace
[ 25%] Built target ref_46_tex_alpha_cutout
[ 25%] Built target sgl_48_tex_replace
[ 25%] Building C object tests/CMakeFiles/ref_49_tex_decal.dir/cases/test_49_tex_decal.c.o
[ 25%] Building C object tests/CMakeFiles/sgl_49_tex_decal.dir/cases/test_49_tex_decal.c.o
[ 25%] Linking C executable ../tests_sgl/sgl_49_tex_decal
[ 26%] Linking C executable ../tests_ref/ref_49_tex_decal
[ 26%] Built target ref_47_tex_modulate
[ 26%] Built target sgl_49_tex_decal
[ 26%] Building C object tests/CMakeFiles/ref_50_multitexture.dir/cases/test_50_multitexture.c.o
[ 26%] Building C object tests/CMakeFiles/sgl_50_multitexture.dir/cases/test_50_multitexture.c.o
[ 26%] Built target ref_48_tex_replace
[ 26%] Building C object tests/CMakeFiles/ref_51_directional_light.dir/cases/test_51_directional_light.c.o
[ 26%] Linking C executable ../tests_sgl/sgl_50_multitexture
[ 26%] Linking C executable ../tests_ref/ref_50_multitexture
[ 26%] Built target sgl_50_multitexture
[ 26%] Building C object tests/CMakeFiles/sgl_51_directional_light.dir/cases/test_51_directional_light.c.o
[ 26%] Linking C executable ../tests_ref/ref_51_directional_light
[ 26%] Linking C executable ../tests_sgl/sgl_51_directional_light
[ 26%] Built target sgl_51_directional_light
[ 26%] Built target ref_49_tex_decal
[ 26%] Building C object tests/CMakeFiles/ref_52_ambient_only.dir/cases/test_52_ambient_only.c.o
[ 27%] Building C object tests/CMakeFiles/sgl_52_ambient_only.dir/cases/test_52_ambient_only.c.o
[ 27%] Linking C executable ../tests_sgl/sgl_52_ambient_only
[ 27%] Linking C executable ../tests_ref/ref_52_ambient_only
[ 27%] Built target sgl_52_ambient_only
[ 27%] Building C object tests/CMakeFiles/ref_53_diffuse_lambert.dir/cases/test_53_diffuse_lambert.c.o
[ 27%] Built target ref_50_multitexture
[ 27%] Building C object tests/CMakeFiles/sgl_53_diffuse_lambert.dir/cases/test_53_diffuse_lambert.c.o
[ 27%] Linking C executable ../tests_ref/ref_53_diffuse_lambert
[ 27%] Built target ref_51_directional_light
[ 27%] Linking C executable ../tests_sgl/sgl_53_diffuse_lambert
[ 27%] Building C object tests/CMakeFiles/ref_54_specular_blinn.dir/cases/test_54_specular_blinn.c.o
[ 27%] Built target sgl_53_diffuse_lambert
[ 27%] Building C object tests/CMakeFiles/sgl_54_specular_blinn.dir/cases/test_54_specular_blinn.c.o
[ 28%] Linking C executable ../tests_ref/ref_54_specular_blinn
[ 28%] Linking C executable ../tests_sgl/sgl_54_specular_blinn
[ 28%] Built target ref_52_ambient_only
[ 28%] Built target sgl_54_specular_blinn
[ 28%] Building C object tests/CMakeFiles/ref_55_point_light_attenuation.dir/cases/test_55_point_light_attenuation.c.o
[ 28%] Building C object tests/CMakeFiles/sgl_55_point_light_attenuation.dir/cases/test_55_point_light_attenuation.c.o
[ 28%] Built target ref_53_diffuse_lambert
[ 28%] Linking C executable ../tests_sgl/sgl_55_point_light_attenuation
[ 28%] Building C object tests/CMakeFiles/ref_56_multi_lights.dir/cases/test_56_multi_lights.c.o
[ 28%] Linking C executable ../tests_ref/ref_55_point_light_attenuation
[ 28%] Built target sgl_55_point_light_attenuation
[ 28%] Building C object tests/CMakeFiles/sgl_56_multi_lights.dir/cases/test_56_multi_lights.c.o
[ 28%] Linking C executable ../tests_sgl/sgl_56_multi_lights
[ 28%] Linking C executable ../tests_ref/ref_56_multi_lights
[ 28%] Built target sgl_56_multi_lights
[ 28%] Building C object tests/CMakeFiles/ref_57_icosphere_lit.dir/cases/test_57_icosphere_lit.c.o
[ 28%] Built target ref_54_specular_blinn
[ 29%] Building C object tests/CMakeFiles/sgl_57_icosphere_lit.dir/cases/test_57_icosphere_lit.c.o
[ 29%] Linking C executable ../tests_ref/ref_57_icosphere_lit
[ 29%] Linking C executable ../tests_sgl/sgl_57_icosphere_lit
[ 29%] Built target sgl_57_icosphere_lit
[ 29%] Building C object tests/CMakeFiles/ref_58_colored_material.dir/cases/test_58_colored_material.c.o
[ 29%] Built target ref_55_point_light_attenuation
[ 29%] Built target ref_56_multi_lights
[ 29%] Building C object tests/CMakeFiles/sgl_58_colored_material.dir/cases/test_58_colored_material.c.o
[ 29%] Linking C executable ../tests_ref/ref_58_colored_material
[ 29%] Building C object tests/CMakeFiles/ref_59_emission.dir/cases/test_59_emission.c.o
[ 29%] Linking C executable ../tests_sgl/sgl_58_colored_material
[ 29%] Built target sgl_58_colored_material
[ 29%] Linking C executable ../tests_ref/ref_59_emission
[ 29%] Building C object tests/CMakeFiles/sgl_59_emission.dir/cases/test_59_emission.c.o
[ 29%] Linking C executable ../tests_sgl/sgl_59_emission
[ 29%] Built target ref_57_icosphere_lit
[ 30%] Building C object tests/CMakeFiles/ref_60_normalize.dir/cases/test_60_normalize.c.o
[ 30%] Built target sgl_59_emission
[ 30%] Building C object tests/CMakeFiles/sgl_60_normalize.dir/cases/test_60_normalize.c.o
[ 30%] Linking C executable ../tests_sgl/sgl_60_normalize
[ 30%] Linking C executable ../tests_ref/ref_60_normalize
[ 30%] Built target sgl_60_normalize
[ 30%] Building C object tests/CMakeFiles/ref_61_tessellated_grid.dir/cases/test_61_tessellated_grid.c.o
[ 30%] Built target ref_58_colored_material
[ 30%] Building C object tests/CMakeFiles/sgl_61_tessellated_grid.dir/cases/test_61_tessellated_grid.c.o
[ 30%] Built target ref_59_emission
[ 30%] Building C object tests/CMakeFiles/ref_62_icosphere_subdiv.dir/cases/test_62_icosphere_subdiv.c.o
[ 30%] Linking C executable ../tests_ref/ref_61_tessellated_grid
[ 30%] Linking C executable ../tests_sgl/sgl_61_tessellated_grid
[ 30%] Built target sgl_61_tessellated_grid
[ 30%] Building C object tests/CMakeFiles/sgl_62_icosphere_subdiv.dir/cases/test_62_icosphere_subdiv.c.o
[ 30%] Built target ref_60_normalize
[ 30%] Building C object tests/CMakeFiles/ref_63_uv_sphere.dir/cases/test_63_uv_sphere.c.o
[ 30%] Linking C executable ../tests_ref/ref_62_icosphere_subdiv
[ 31%] Linking C executable ../tests_sgl/sgl_62_icosphere_subdiv
[ 31%] Built target sgl_62_icosphere_subdiv
[ 31%] Linking C executable ../tests_ref/ref_63_uv_sphere
[ 31%] Building C object tests/CMakeFiles/sgl_63_uv_sphere.dir/cases/test_63_uv_sphere.c.o
[ 31%] Built target ref_61_tessellated_grid
[ 31%] Building C object tests/CMakeFiles/ref_64_cylinder.dir/cases/test_64_cylinder.c.o
[ 31%] Linking C executable ../tests_sgl/sgl_63_uv_sphere
[ 31%] Built target sgl_63_uv_sphere
[ 31%] Linking C executable ../tests_ref/ref_64_cylinder
[ 31%] Building C object tests/CMakeFiles/sgl_64_cylinder.dir/cases/test_64_cylinder.c.o
[ 31%] Built target ref_62_icosphere_subdiv
[ 32%] Building C object tests/CMakeFiles/ref_65_torus.dir/cases/test_65_torus.c.o
[ 32%] Linking C executable ../tests_sgl/sgl_64_cylinder
[ 32%] Built target sgl_64_cylinder
[ 32%] Building C object tests/CMakeFiles/sgl_65_torus.dir/cases/test_65_torus.c.o
[ 32%] Built target ref_63_uv_sphere
[ 32%] Building C object tests/CMakeFiles/ref_66_bezier_patch.dir/cases/test_66_bezier_patch.c.o
[ 32%] Linking C executable ../tests_ref/ref_65_torus
[ 32%] Linking C executable ../tests_sgl/sgl_65_torus
[ 32%] Built target sgl_65_torus
[ 32%] Built target ref_64_cylinder
[ 32%] Building C object tests/CMakeFiles/sgl_66_bezier_patch.dir/cases/test_66_bezier_patch.c.o
[ 32%] Building C object tests/CMakeFiles/ref_67_extrusion.dir/cases/test_67_extrusion.c.o
[ 32%] Linking C executable ../tests_ref/ref_66_bezier_patch
[ 32%] Linking C executable ../tests_sgl/sgl_66_bezier_patch
[ 32%] Linking C executable ../tests_ref/ref_67_extrusion
[ 32%] Built target ref_65_torus
[ 32%] Built target sgl_66_bezier_patch
[ 32%] Building C object tests/CMakeFiles/sgl_67_extrusion.dir/cases/test_67_extrusion.c.o
[ 32%] Building C object tests/CMakeFiles/ref_68_loft.dir/cases/test_68_loft.c.o
[ 33%] Linking C executable ../tests_sgl/sgl_67_extrusion
[ 33%] Linking C executable ../tests_ref/ref_68_loft
[ 33%] Built target sgl_67_extrusion
[ 33%] Building C object tests/CMakeFiles/sgl_68_loft.dir/cases/test_68_loft.c.o
[ 33%] Built target ref_66_bezier_patch
[ 33%] Building C object tests/CMakeFiles/ref_69_superquadric.dir/cases/test_69_superquadric.c.o
[ 33%] Linking C executable ../tests_sgl/sgl_68_loft
[ 33%] Built target sgl_68_loft
[ 33%] Built target ref_67_extrusion
[ 33%] Building C object tests/CMakeFiles/sgl_69_superquadric.dir/cases/test_69_superquadric.c.o
[ 33%] Building C object tests/CMakeFiles/ref_70_heightfield.dir/cases/test_70_heightfield.c.o
[ 33%] Linking C executable ../tests_ref/ref_69_superquadric
In function ‘hash2’,
    inlined from ‘noise’ at /home/cosmo/Git/softgl/build/diagnostics/queue-cost-priority/source-root/tests/cases/test_70_heightfield.c:19:16,
    inlined from ‘build’ at /home/cosmo/Git/softgl/build/diagnostics/queue-cost-priority/source-root/tests/cases/test_70_heightfield.c:29:23:
/home/cosmo/Git/softgl/build/diagnostics/queue-cost-priority/source-root/tests/cases/test_70_heightfield.c:9:31: warning: iteration 30 invokes undefined behavior [-Waggressive-loop-optimizations]
    9 |     unsigned h = (unsigned)(x * 73856093) ^ (unsigned)(y * 19349663);
      |                            ~~~^~~~~~~~~~~
/home/cosmo/Git/softgl/build/diagnostics/queue-cost-priority/source-root/tests/cases/test_70_heightfield.c: In function ‘build’:
/home/cosmo/Git/softgl/build/diagnostics/queue-cost-priority/source-root/tests/cases/test_70_heightfield.c:28:27: note: within this loop
   28 |         for (int i = 0; i < HN; i++)
      |                           ^
[ 33%] Linking C executable ../tests_sgl/sgl_69_superquadric
[ 33%] Built target ref_68_loft
[ 33%] Building C object tests/CMakeFiles/sgl_70_heightfield.dir/cases/test_70_heightfield.c.o
[ 33%] Built target sgl_69_superquadric
[ 33%] Building C object tests/CMakeFiles/ref_71_fog_exp2.dir/cases/test_71_fog_exp2.c.o
In function ‘hash2’,
    inlined from ‘noise’ at /home/cosmo/Git/softgl/build/diagnostics/queue-cost-priority/source-root/tests/cases/test_70_heightfield.c:19:16,
    inlined from ‘build’ at /home/cosmo/Git/softgl/build/diagnostics/queue-cost-priority/source-root/tests/cases/test_70_heightfield.c:29:23:
/home/cosmo/Git/softgl/build/diagnostics/queue-cost-priority/source-root/tests/cases/test_70_heightfield.c:9:31: warning: iteration 30 invokes undefined behavior [-Waggressive-loop-optimizations]
    9 |     unsigned h = (unsigned)(x * 73856093) ^ (unsigned)(y * 19349663);
      |                            ~~~^~~~~~~~~~~
/home/cosmo/Git/softgl/build/diagnostics/queue-cost-priority/source-root/tests/cases/test_70_heightfield.c: In function ‘build’:
/home/cosmo/Git/softgl/build/diagnostics/queue-cost-priority/source-root/tests/cases/test_70_heightfield.c:28:27: note: within this loop
   28 |         for (int i = 0; i < HN; i++)
      |                           ^
[ 34%] Linking C executable ../tests_ref/ref_70_heightfield
[ 34%] Linking C executable ../tests_ref/ref_71_fog_exp2
[ 34%] Linking C executable ../tests_sgl/sgl_70_heightfield
[ 34%] Built target sgl_70_heightfield
[ 34%] Building C object tests/CMakeFiles/sgl_71_fog_exp2.dir/cases/test_71_fog_exp2.c.o
[ 34%] Linking C executable ../tests_sgl/sgl_71_fog_exp2
[ 34%] Built target ref_69_superquadric
[ 34%] Building C object tests/CMakeFiles/ref_72_fog_linear.dir/cases/test_72_fog_linear.c.o
[ 34%] Built target sgl_71_fog_exp2
[ 34%] Building C object tests/CMakeFiles/sgl_72_fog_linear.dir/cases/test_72_fog_linear.c.o
[ 34%] Linking C executable ../tests_sgl/sgl_72_fog_linear
[ 34%] Linking C executable ../tests_ref/ref_72_fog_linear
[ 34%] Built target ref_70_heightfield
[ 34%] Built target sgl_72_fog_linear
[ 34%] Building C object tests/CMakeFiles/ref_73_fog_exp.dir/cases/test_73_fog_exp.c.o
[ 35%] Building C object tests/CMakeFiles/sgl_73_fog_exp.dir/cases/test_73_fog_exp.c.o
[ 35%] Linking C executable ../tests_sgl/sgl_73_fog_exp
[ 35%] Built target ref_71_fog_exp2
[ 35%] Linking C executable ../tests_ref/ref_73_fog_exp
[ 35%] Building C object tests/CMakeFiles/ref_74_fog_colored.dir/cases/test_74_fog_colored.c.o
[ 35%] Built target sgl_73_fog_exp
[ 35%] Building C object tests/CMakeFiles/sgl_74_fog_colored.dir/cases/test_74_fog_colored.c.o
[ 35%] Linking C executable ../tests_sgl/sgl_74_fog_colored
[ 35%] Linking C executable ../tests_ref/ref_74_fog_colored
[ 35%] Built target sgl_74_fog_colored
[ 35%] Building C object tests/CMakeFiles/ref_75_alpha_blend.dir/cases/test_75_alpha_blend.c.o
[ 35%] Built target ref_72_fog_linear
[ 35%] Building C object tests/CMakeFiles/sgl_75_alpha_blend.dir/cases/test_75_alpha_blend.c.o
[ 35%] Linking C executable ../tests_ref/ref_75_alpha_blend
[ 35%] Linking C executable ../tests_sgl/sgl_75_alpha_blend
[ 35%] Built target sgl_75_alpha_blend
[ 36%] Building C object tests/CMakeFiles/ref_76_additive_blend.dir/cases/test_76_additive_blend.c.o
[ 36%] Built target ref_73_fog_exp
[ 36%] Building C object tests/CMakeFiles/sgl_76_additive_blend.dir/cases/test_76_additive_blend.c.o
[ 36%] Linking C executable ../tests_ref/ref_76_additive_blend
[ 36%] Linking C executable ../tests_sgl/sgl_76_additive_blend
[ 36%] Built target ref_74_fog_colored
[ 36%] Building C object tests/CMakeFiles/ref_77_alpha_test_edge.dir/cases/test_77_alpha_test_edge.c.o
[ 36%] Built target sgl_76_additive_blend
[ 36%] Building C object tests/CMakeFiles/sgl_77_alpha_test_edge.dir/cases/test_77_alpha_test_edge.c.o
[ 36%] Linking C executable ../tests_sgl/sgl_77_alpha_test_edge
[ 36%] Linking C executable ../tests_ref/ref_77_alpha_test_edge
[ 36%] Built target sgl_77_alpha_test_edge
[ 36%] Building C object tests/CMakeFiles/ref_78_transparent_stack.dir/cases/test_78_transparent_stack.c.o
[ 36%] Built target ref_75_alpha_blend
[ 36%] Building C object tests/CMakeFiles/sgl_78_transparent_stack.dir/cases/test_78_transparent_stack.c.o
[ 37%] Linking C executable ../tests_sgl/sgl_78_transparent_stack
[ 37%] Linking C executable ../tests_ref/ref_78_transparent_stack
[ 37%] Built target sgl_78_transparent_stack
[ 37%] Building C object tests/CMakeFiles/ref_79_premult_alpha.dir/cases/test_79_premult_alpha.c.o
[ 37%] Built target ref_76_additive_blend
[ 37%] Building C object tests/CMakeFiles/sgl_79_premult_alpha.dir/cases/test_79_premult_alpha.c.o
[ 37%] Linking C executable ../tests_sgl/sgl_79_premult_alpha
[ 37%] Linking C executable ../tests_ref/ref_79_premult_alpha
[ 37%] Built target sgl_79_premult_alpha
[ 37%] Built target ref_77_alpha_test_edge
[ 37%] Building C object tests/CMakeFiles/ref_80_blend_depth.dir/cases/test_80_blend_depth.c.o
[ 37%] Building C object tests/CMakeFiles/sgl_80_blend_depth.dir/cases/test_80_blend_depth.c.o
[ 37%] Linking C executable ../tests_sgl/sgl_80_blend_depth
[ 37%] Linking C executable ../tests_ref/ref_80_blend_depth
[ 37%] Built target sgl_80_blend_depth
[ 38%] Building C object tests/CMakeFiles/ref_81_vbo_simple.dir/cases/test_81_vbo_simple.c.o
[ 38%] Built target ref_78_transparent_stack
[ 38%] Building C object tests/CMakeFiles/sgl_81_vbo_simple.dir/cases/test_81_vbo_simple.c.o
[ 38%] Linking C executable ../tests_ref/ref_81_vbo_simple
[ 38%] Linking C executable ../tests_sgl/sgl_81_vbo_simple
[ 38%] Built target ref_79_premult_alpha
[ 38%] Built target sgl_81_vbo_simple
[ 38%] Building C object tests/CMakeFiles/ref_82_vbo_interleaved_pc.dir/cases/test_82_vbo_interleaved_pc.c.o
[ 38%] Building C object tests/CMakeFiles/sgl_82_vbo_interleaved_pc.dir/cases/test_82_vbo_interleaved_pc.c.o
[ 38%] Linking C executable ../tests_sgl/sgl_82_vbo_interleaved_pc
[ 38%] Linking C executable ../tests_ref/ref_82_vbo_interleaved_pc
[ 38%] Built target sgl_82_vbo_interleaved_pc
[ 38%] Building C object tests/CMakeFiles/ref_83_vbo_interleaved_pnct.dir/cases/test_83_vbo_interleaved_pnct.c.o
[ 38%] Built target ref_80_blend_depth
[ 38%] Building C object tests/CMakeFiles/sgl_83_vbo_interleaved_pnct.dir/cases/test_83_vbo_interleaved_pnct.c.o
[ 39%] Linking C executable ../tests_sgl/sgl_83_vbo_interleaved_pnct
[ 39%] Linking C executable ../tests_ref/ref_83_vbo_interleaved_pnct
[ 39%] Built target ref_81_vbo_simple
[ 39%] Built target sgl_83_vbo_interleaved_pnct
[ 39%] Building C object tests/CMakeFiles/ref_84_indexed_draw.dir/cases/test_84_indexed_draw.c.o
[ 39%] Building C object tests/CMakeFiles/sgl_84_indexed_draw.dir/cases/test_84_indexed_draw.c.o
[ 39%] Linking C executable ../tests_sgl/sgl_84_indexed_draw
[ 39%] Linking C executable ../tests_ref/ref_84_indexed_draw
[ 39%] Built target sgl_84_indexed_draw
[ 39%] Building C object tests/CMakeFiles/ref_85_multi_vbos.dir/cases/test_85_multi_vbos.c.o
[ 39%] Linking C executable ../tests_ref/ref_85_multi_vbos
[ 39%] Built target ref_82_vbo_interleaved_pc
[ 39%] Building C object tests/CMakeFiles/sgl_85_multi_vbos.dir/cases/test_85_multi_vbos.c.o
[ 39%] Linking C executable ../tests_sgl/sgl_85_multi_vbos
[ 39%] Built target ref_83_vbo_interleaved_pnct
[ 39%] Built target sgl_85_multi_vbos
[ 39%] Building C object tests/CMakeFiles/ref_86_buffer_subdata.dir/cases/test_86_buffer_subdata.c.o
[ 39%] Building C object tests/CMakeFiles/sgl_86_buffer_subdata.dir/cases/test_86_buffer_subdata.c.o
[ 39%] Linking C executable ../tests_sgl/sgl_86_buffer_subdata
[ 40%] Linking C executable ../tests_ref/ref_86_buffer_subdata
[ 40%] Built target sgl_86_buffer_subdata
[ 40%] Built target ref_84_indexed_draw
[ 40%] Building C object tests/CMakeFiles/ref_87_large_mesh.dir/cases/test_87_large_mesh.c.o
[ 40%] Building C object tests/CMakeFiles/sgl_87_large_mesh.dir/cases/test_87_large_mesh.c.o
[ 40%] Built target ref_85_multi_vbos
[ 40%] Linking C executable ../tests_sgl/sgl_87_large_mesh
[ 40%] Building C object tests/CMakeFiles/ref_88_instanced_manual.dir/cases/test_88_instanced_manual.c.o
[ 40%] Built target sgl_87_large_mesh
[ 40%] Linking C executable ../tests_ref/ref_87_large_mesh
[ 40%] Building C object tests/CMakeFiles/sgl_88_instanced_manual.dir/cases/test_88_instanced_manual.c.o
[ 40%] Linking C executable ../tests_ref/ref_88_instanced_manual
[ 40%] Linking C executable ../tests_sgl/sgl_88_instanced_manual
[ 40%] Built target sgl_88_instanced_manual
[ 40%] Building C object tests/CMakeFiles/ref_89_dynamic_vbo.dir/cases/test_89_dynamic_vbo.c.o
[ 40%] Built target ref_86_buffer_subdata
[ 41%] Building C object tests/CMakeFiles/sgl_89_dynamic_vbo.dir/cases/test_89_dynamic_vbo.c.o
[ 41%] Linking C executable ../tests_ref/ref_89_dynamic_vbo
[ 41%] Linking C executable ../tests_sgl/sgl_89_dynamic_vbo
[ 41%] Built target sgl_89_dynamic_vbo
[ 41%] Building C object tests/CMakeFiles/ref_90_multi_drawarrays.dir/cases/test_90_multi_drawarrays.c.o
[ 41%] Built target ref_87_large_mesh
[ 41%] Building C object tests/CMakeFiles/sgl_90_multi_drawarrays.dir/cases/test_90_multi_drawarrays.c.o
[ 41%] Built target ref_88_instanced_manual
[ 41%] Linking C executable ../tests_ref/ref_90_multi_drawarrays
[ 41%] Building C object tests/CMakeFiles/ref_91_dot3_baseline.dir/cases/test_91_dot3_baseline.c.o
[ 41%] Linking C executable ../tests_sgl/sgl_90_multi_drawarrays
[ 41%] Built target sgl_90_multi_drawarrays
[ 42%] Linking C executable ../tests_ref/ref_91_dot3_baseline
[ 42%] Building C object tests/CMakeFiles/sgl_91_dot3_baseline.dir/cases/test_91_dot3_baseline.c.o
[ 42%] Linking C executable ../tests_sgl/sgl_91_dot3_baseline
[ 42%] Built target sgl_91_dot3_baseline
[ 42%] Built target ref_89_dynamic_vbo
[ 42%] Building C object tests/CMakeFiles/ref_92_normalmap_pattern.dir/cases/test_92_normalmap_pattern.c.o
[ 42%] Building C object tests/CMakeFiles/sgl_92_normalmap_pattern.dir/cases/test_92_normalmap_pattern.c.o
[ 42%] Built target ref_90_multi_drawarrays
[ 42%] Linking C executable ../tests_sgl/sgl_92_normalmap_pattern
[ 42%] Building C object tests/CMakeFiles/ref_93_normalmap_depth.dir/cases/test_93_normalmap_depth.c.o
[ 42%] Built target sgl_92_normalmap_pattern
[ 42%] Built target ref_91_dot3_baseline
[ 42%] Building C object tests/CMakeFiles/sgl_93_normalmap_depth.dir/cases/test_93_normalmap_depth.c.o
[ 42%] Building C object tests/CMakeFiles/ref_94_lit_textured_sphere.dir/cases/test_94_lit_textured_sphere.c.o
[ 42%] Linking C executable ../tests_ref/ref_92_normalmap_pattern
[ 42%] Linking C executable ../tests_ref/ref_93_normalmap_depth
[ 42%] Linking C executable ../tests_sgl/sgl_93_normalmap_depth
[ 42%] Built target sgl_93_normalmap_depth
[ 43%] Building C object tests/CMakeFiles/sgl_94_lit_textured_sphere.dir/cases/test_94_lit_textured_sphere.c.o
[ 43%] Linking C executable ../tests_ref/ref_94_lit_textured_sphere
[ 43%] Linking C executable ../tests_sgl/sgl_94_lit_textured_sphere
[ 43%] Built target ref_92_normalmap_pattern
[ 43%] Built target sgl_94_lit_textured_sphere
[ 43%] Building C object tests/CMakeFiles/ref_95_scene_sphere_ground.dir/cases/test_95_scene_sphere_ground.c.o
[ 43%] Building C object tests/CMakeFiles/sgl_95_scene_sphere_ground.dir/cases/test_95_scene_sphere_ground.c.o
[ 43%] Built target ref_93_normalmap_depth
[ 43%] Building C object tests/CMakeFiles/ref_96_building_cube.dir/cases/test_96_building_cube.c.o
[ 43%] Linking C executable ../tests_sgl/sgl_95_scene_sphere_ground
[ 43%] Linking C executable ../tests_ref/ref_95_scene_sphere_ground
[ 43%] Built target sgl_95_scene_sphere_ground
[ 43%] Building C object tests/CMakeFiles/sgl_96_building_cube.dir/cases/test_96_building_cube.c.o
[ 43%] Linking C executable ../tests_ref/ref_96_building_cube
[ 43%] Built target ref_94_lit_textured_sphere
[ 44%] Building C object tests/CMakeFiles/ref_97_multiple_buildings.dir/cases/test_97_multiple_buildings.c.o
[ 44%] Linking C executable ../tests_sgl/sgl_96_building_cube
[ 44%] Built target sgl_96_building_cube
[ 44%] Building C object tests/CMakeFiles/sgl_97_multiple_buildings.dir/cases/test_97_multiple_buildings.c.o
[ 44%] Linking C executable ../tests_ref/ref_97_multiple_buildings
[ 44%] Built target ref_95_scene_sphere_ground
[ 44%] Linking C executable ../tests_sgl/sgl_97_multiple_buildings
[ 44%] Building C object tests/CMakeFiles/ref_98_city_block.dir/cases/test_98_city_block.c.o
[ 44%] Built target sgl_97_multiple_buildings
[ 44%] Built target ref_96_building_cube
[ 44%] Building C object tests/CMakeFiles/sgl_98_city_block.dir/cases/test_98_city_block.c.o
[ 44%] Building C object tests/CMakeFiles/ref_99_moving_camera.dir/cases/test_99_moving_camera.c.o
[ 44%] Linking C executable ../tests_ref/ref_98_city_block
[ 44%] Linking C executable ../tests_ref/ref_99_moving_camera
[ 44%] Linking C executable ../tests_sgl/sgl_98_city_block
[ 44%] Built target sgl_98_city_block
[ 44%] Built target ref_97_multiple_buildings
[ 44%] Building C object tests/CMakeFiles/sgl_99_moving_camera.dir/cases/test_99_moving_camera.c.o
[ 44%] Building C object tests/CMakeFiles/ref_100_showcase.dir/cases/test_100_showcase.c.o
[ 45%] Linking C executable ../tests_sgl/sgl_99_moving_camera
[ 45%] Built target sgl_99_moving_camera
[ 45%] Building C object tests/CMakeFiles/sgl_100_showcase.dir/cases/test_100_showcase.c.o
[ 45%] Linking C executable ../tests_ref/ref_100_showcase
[ 45%] Built target ref_99_moving_camera
[ 45%] Building C object tests/CMakeFiles/ref_101_begin_triangles.dir/cases/test_101_begin_triangles.c.o
[ 45%] Built target ref_98_city_block
[ 45%] Building C object tests/CMakeFiles/sgl_101_begin_triangles.dir/cases/test_101_begin_triangles.c.o
[ 46%] Linking C executable ../tests_sgl/sgl_101_begin_triangles
[ 46%] Linking C executable ../tests_ref/ref_101_begin_triangles
[ 46%] Built target sgl_101_begin_triangles
[ 46%] Linking C executable ../tests_sgl/sgl_100_showcase
[ 46%] Building C object tests/CMakeFiles/ref_102_vertex_variants.dir/cases/test_102_vertex_variants.c.o
[ 46%] Built target sgl_100_showcase
[ 46%] Building C object tests/CMakeFiles/sgl_102_vertex_variants.dir/cases/test_102_vertex_variants.c.o
[ 46%] Linking C executable ../tests_ref/ref_102_vertex_variants
[ 46%] Linking C executable ../tests_sgl/sgl_102_vertex_variants
[ 46%] Built target ref_100_showcase
[ 46%] Built target sgl_102_vertex_variants
[ 46%] Building C object tests/CMakeFiles/ref_103_triangle_strip.dir/cases/test_103_triangle_strip.c.o
[ 46%] Building C object tests/CMakeFiles/sgl_103_triangle_strip.dir/cases/test_103_triangle_strip.c.o
[ 46%] Linking C executable ../tests_sgl/sgl_103_triangle_strip
[ 46%] Linking C executable ../tests_ref/ref_103_triangle_strip
[ 46%] Built target sgl_103_triangle_strip
[ 46%] Building C object tests/CMakeFiles/ref_104_triangle_fan.dir/cases/test_104_triangle_fan.c.o
[ 46%] Built target ref_101_begin_triangles
[ 46%] Building C object tests/CMakeFiles/sgl_104_triangle_fan.dir/cases/test_104_triangle_fan.c.o
[ 46%] Linking C executable ../tests_sgl/sgl_104_triangle_fan
[ 47%] Linking C executable ../tests_ref/ref_104_triangle_fan
[ 47%] Built target sgl_104_triangle_fan
[ 47%] Building C object tests/CMakeFiles/ref_105_quads_one.dir/cases/test_105_quads_one.c.o
[ 47%] Built target ref_102_vertex_variants
[ 47%] Building C object tests/CMakeFiles/sgl_105_quads_one.dir/cases/test_105_quads_one.c.o
[ 47%] Linking C executable ../tests_ref/ref_105_quads_one
[ 47%] Linking C executable ../tests_sgl/sgl_105_quads_one
[ 47%] Built target sgl_105_quads_one
[ 47%] Building C object tests/CMakeFiles/ref_106_quads_two.dir/cases/test_106_quads_two.c.o
[ 47%] Built target ref_103_triangle_strip
[ 47%] Building C object tests/CMakeFiles/sgl_106_quads_two.dir/cases/test_106_quads_two.c.o
[ 47%] Linking C executable ../tests_ref/ref_106_quads_two
[ 47%] Linking C executable ../tests_sgl/sgl_106_quads_two
[ 47%] Built target ref_104_triangle_fan
[ 47%] Building C object tests/CMakeFiles/ref_107_quad_strip.dir/cases/test_107_quad_strip.c.o
[ 47%] Built target sgl_106_quads_two
[ 48%] Building C object tests/CMakeFiles/sgl_107_quad_strip.dir/cases/test_107_quad_strip.c.o
[ 48%] Built target ref_105_quads_one
[ 48%] Linking C executable ../tests_ref/ref_107_quad_strip
[ 48%] Linking C executable ../tests_sgl/sgl_107_quad_strip
[ 48%] Building C object tests/CMakeFiles/ref_108_polygon_hexagon.dir/cases/test_108_polygon_hexagon.c.o
[ 48%] Built target sgl_107_quad_strip
[ 48%] Building C object tests/CMakeFiles/sgl_108_polygon_hexagon.dir/cases/test_108_polygon_hexagon.c.o
[ 48%] Linking C executable ../tests_ref/ref_108_polygon_hexagon
[ 48%] Linking C executable ../tests_sgl/sgl_108_polygon_hexagon
[ 48%] Built target sgl_108_polygon_hexagon
[ 48%] Building C object tests/CMakeFiles/ref_109_lit_triangle.dir/cases/test_109_lit_triangle.c.o
[ 48%] Built target ref_106_quads_two
[ 48%] Building C object tests/CMakeFiles/sgl_109_lit_triangle.dir/cases/test_109_lit_triangle.c.o
[ 48%] Linking C executable ../tests_sgl/sgl_109_lit_triangle
[ 48%] Linking C executable ../tests_ref/ref_109_lit_triangle
[ 48%] Built target sgl_109_lit_triangle
[ 48%] Built target ref_107_quad_strip
[ 48%] Building C object tests/CMakeFiles/sgl_110_textured_quad.dir/cases/test_110_textured_quad.c.o
[ 48%] Building C object tests/CMakeFiles/ref_110_textured_quad.dir/cases/test_110_textured_quad.c.o
[ 48%] Built target ref_108_polygon_hexagon
[ 48%] Linking C executable ../tests_sgl/sgl_110_textured_quad
[ 48%] Building C object tests/CMakeFiles/ref_111_multitexture_imm.dir/cases/test_111_multitexture_imm.c.o
[ 48%] Linking C executable ../tests_ref/ref_110_textured_quad
[ 48%] Built target sgl_110_textured_quad
[ 48%] Building C object tests/CMakeFiles/sgl_111_multitexture_imm.dir/cases/test_111_multitexture_imm.c.o
[ 48%] Linking C executable ../tests_ref/ref_111_multitexture_imm
[ 48%] Built target ref_109_lit_triangle
[ 49%] Linking C executable ../tests_sgl/sgl_111_multitexture_imm
[ 49%] Building C object tests/CMakeFiles/ref_112_rectf.dir/cases/test_112_rectf.c.o
[ 49%] Built target sgl_111_multitexture_imm
[ 49%] Building C object tests/CMakeFiles/sgl_112_rectf.dir/cases/test_112_rectf.c.o
[ 49%] Linking C executable ../tests_ref/ref_112_rectf
[ 49%] Linking C executable ../tests_sgl/sgl_112_rectf
[ 49%] Built target sgl_112_rectf
[ 49%] Building C object tests/CMakeFiles/ref_113_type_conversion.dir/cases/test_113_type_conversion.c.o
[ 49%] Built target ref_110_textured_quad
[ 49%] Building C object tests/CMakeFiles/sgl_113_type_conversion.dir/cases/test_113_type_conversion.c.o
[ 49%] Linking C executable ../tests_sgl/sgl_113_type_conversion
[ 49%] Linking C executable ../tests_ref/ref_113_type_conversion
[ 49%] Built target sgl_113_type_conversion
[ 49%] Built target ref_111_multitexture_imm
[ 50%] Building C object tests/CMakeFiles/ref_114_array_element.dir/cases/test_114_array_element.c.o
[ 50%] Building C object tests/CMakeFiles/sgl_114_array_element.dir/cases/test_114_array_element.c.o
[ 50%] Linking C executable ../tests_sgl/sgl_114_array_element
[ 50%] Linking C executable ../tests_ref/ref_114_array_element
[ 50%] Built target sgl_114_array_element
[ 50%] Built target ref_112_rectf
[ 50%] Building C object tests/CMakeFiles/ref_115_lit_polygon.dir/cases/test_115_lit_polygon.c.o
[ 50%] Building C object tests/CMakeFiles/sgl_115_lit_polygon.dir/cases/test_115_lit_polygon.c.o
[ 50%] Linking C executable ../tests_sgl/sgl_115_lit_polygon
[ 50%] Linking C executable ../tests_ref/ref_115_lit_polygon
[ 50%] Built target sgl_115_lit_polygon
[ 50%] Building C object tests/CMakeFiles/ref_116_dlist_empty.dir/cases/test_116_dlist_empty.c.o
[ 50%] Built target ref_113_type_conversion
[ 50%] Building C object tests/CMakeFiles/sgl_116_dlist_empty.dir/cases/test_116_dlist_empty.c.o
[ 50%] Linking C executable ../tests_ref/ref_116_dlist_empty
[ 51%] Linking C executable ../tests_sgl/sgl_116_dlist_empty
[ 51%] Built target ref_114_array_element
[ 51%] Built target sgl_116_dlist_empty
[ 51%] Building C object tests/CMakeFiles/ref_117_dlist_triangle.dir/cases/test_117_dlist_triangle.c.o
[ 51%] Building C object tests/CMakeFiles/sgl_117_dlist_triangle.dir/cases/test_117_dlist_triangle.c.o
[ 51%] Linking C executable ../tests_sgl/sgl_117_dlist_triangle
[ 51%] Linking C executable ../tests_ref/ref_117_dlist_triangle
[ 51%] Built target sgl_117_dlist_triangle
[ 51%] Building C object tests/CMakeFiles/ref_118_dlist_transform.dir/cases/test_118_dlist_transform.c.o
[ 51%] Built target ref_115_lit_polygon
[ 51%] Building C object tests/CMakeFiles/sgl_118_dlist_transform.dir/cases/test_118_dlist_transform.c.o
[ 51%] Linking C executable ../tests_sgl/sgl_118_dlist_transform
[ 51%] Linking C executable ../tests_ref/ref_118_dlist_transform
[ 51%] Built target ref_116_dlist_empty
[ 51%] Built target sgl_118_dlist_transform
[ 51%] Building C object tests/CMakeFiles/ref_119_dlist_compile_and_execute.dir/cases/test_119_dlist_compile_and_execute.c.o
[ 51%] Building C object tests/CMakeFiles/sgl_119_dlist_compile_and_execute.dir/cases/test_119_dlist_compile_and_execute.c.o
[ 51%] Linking C executable ../tests_sgl/sgl_119_dlist_compile_and_execute
[ 52%] Linking C executable ../tests_ref/ref_119_dlist_compile_and_execute
[ 52%] Built target sgl_119_dlist_compile_and_execute
[ 52%] Built target ref_117_dlist_triangle
[ 52%] Building C object tests/CMakeFiles/ref_120_call_lists_byte.dir/cases/test_120_call_lists_byte.c.o
[ 52%] Building C object tests/CMakeFiles/sgl_120_call_lists_byte.dir/cases/test_120_call_lists_byte.c.o
[ 52%] Linking C executable ../tests_sgl/sgl_120_call_lists_byte
[ 52%] Linking C executable ../tests_ref/ref_120_call_lists_byte
[ 52%] Built target sgl_120_call_lists_byte
[ 52%] Building C object tests/CMakeFiles/ref_121_nested_lists.dir/cases/test_121_nested_lists.c.o
[ 52%] Built target ref_118_dlist_transform
[ 53%] Building C object tests/CMakeFiles/sgl_121_nested_lists.dir/cases/test_121_nested_lists.c.o
[ 53%] Linking C executable ../tests_sgl/sgl_121_nested_lists
[ 53%] Linking C executable ../tests_ref/ref_121_nested_lists
[ 53%] Built target sgl_121_nested_lists
[ 53%] Built target ref_119_dlist_compile_and_execute
[ 53%] Building C object tests/CMakeFiles/ref_122_dlist_lit.dir/cases/test_122_dlist_lit.c.o
[ 53%] Building C object tests/CMakeFiles/sgl_122_dlist_lit.dir/cases/test_122_dlist_lit.c.o
[ 53%] Linking C executable ../tests_sgl/sgl_122_dlist_lit
[ 53%] Linking C executable ../tests_ref/ref_122_dlist_lit
[ 53%] Built target sgl_122_dlist_lit
[ 53%] Building C object tests/CMakeFiles/ref_123_dlist_texture.dir/cases/test_123_dlist_texture.c.o
[ 53%] Built target ref_120_call_lists_byte
[ 53%] Building C object tests/CMakeFiles/sgl_123_dlist_texture.dir/cases/test_123_dlist_texture.c.o
[ 54%] Linking C executable ../tests_ref/ref_123_dlist_texture
[ 54%] Linking C executable ../tests_sgl/sgl_123_dlist_texture
[ 54%] Built target ref_121_nested_lists
[ 54%] Built target sgl_123_dlist_texture
[ 54%] Building C object tests/CMakeFiles/ref_124_dlist_vbo_draw.dir/cases/test_124_dlist_vbo_draw.c.o
[ 54%] Building C object tests/CMakeFiles/sgl_124_dlist_vbo_draw.dir/cases/test_124_dlist_vbo_draw.c.o
[ 54%] Linking C executable ../tests_sgl/sgl_124_dlist_vbo_draw
[ 54%] Linking C executable ../tests_ref/ref_124_dlist_vbo_draw
[ 54%] Built target sgl_124_dlist_vbo_draw
[ 54%] Building C object tests/CMakeFiles/ref_125_dlist_vbo_alloc.dir/cases/test_125_dlist_vbo_alloc.c.o
[ 54%] Built target ref_122_dlist_lit
[ 54%] Building C object tests/CMakeFiles/sgl_125_dlist_vbo_alloc.dir/cases/test_125_dlist_vbo_alloc.c.o
[ 54%] Linking C executable ../tests_sgl/sgl_125_dlist_vbo_alloc
[ 54%] Linking C executable ../tests_ref/ref_125_dlist_vbo_alloc
[ 54%] Built target sgl_125_dlist_vbo_alloc
[ 54%] Built target ref_123_dlist_texture
[ 54%] Building C object tests/CMakeFiles/ref_126_dlist_color_order.dir/cases/test_126_dlist_color_order.c.o
[ 55%] Building C object tests/CMakeFiles/sgl_126_dlist_color_order.dir/cases/test_126_dlist_color_order.c.o
[ 55%] Linking C executable ../tests_sgl/sgl_126_dlist_color_order
[ 55%] Linking C executable ../tests_ref/ref_126_dlist_color_order
[ 55%] Built target sgl_126_dlist_color_order
[ 55%] Building C object tests/CMakeFiles/ref_127_dlist_matrix_stack.dir/cases/test_127_dlist_matrix_stack.c.o
[ 55%] Built target ref_124_dlist_vbo_draw
[ 55%] Building C object tests/CMakeFiles/sgl_127_dlist_matrix_stack.dir/cases/test_127_dlist_matrix_stack.c.o
[ 55%] Linking C executable ../tests_ref/ref_127_dlist_matrix_stack
[ 55%] Linking C executable ../tests_sgl/sgl_127_dlist_matrix_stack
[ 55%] Built target ref_125_dlist_vbo_alloc
[ 55%] Built target sgl_127_dlist_matrix_stack
[ 55%] Building C object tests/CMakeFiles/sgl_128_dlist_repeat_outer_mv.dir/cases/test_128_dlist_repeat_outer_mv.c.o
[ 55%] Building C object tests/CMakeFiles/ref_128_dlist_repeat_outer_mv.dir/cases/test_128_dlist_repeat_outer_mv.c.o
[ 55%] Linking C executable ../tests_sgl/sgl_128_dlist_repeat_outer_mv
[ 55%] Linking C executable ../tests_ref/ref_128_dlist_repeat_outer_mv
[ 55%] Built target sgl_128_dlist_repeat_outer_mv
[ 56%] Building C object tests/CMakeFiles/ref_129_dlist_id_recycle.dir/cases/test_129_dlist_id_recycle.c.o
[ 56%] Built target ref_126_dlist_color_order
[ 56%] Building C object tests/CMakeFiles/sgl_129_dlist_id_recycle.dir/cases/test_129_dlist_id_recycle.c.o
[ 56%] Linking C executable ../tests_sgl/sgl_129_dlist_id_recycle
[ 56%] Linking C executable ../tests_ref/ref_129_dlist_id_recycle
[ 56%] Built target sgl_129_dlist_id_recycle
[ 56%] Building C object tests/CMakeFiles/ref_130_call_lists_2bytes.dir/cases/test_130_call_lists_2bytes.c.o
[ 56%] Built target ref_127_dlist_matrix_stack
[ 56%] Building C object tests/CMakeFiles/sgl_130_call_lists_2bytes.dir/cases/test_130_call_lists_2bytes.c.o
[ 57%] Linking C executable ../tests_sgl/sgl_130_call_lists_2bytes
[ 57%] Linking C executable ../tests_ref/ref_130_call_lists_2bytes
[ 57%] Built target sgl_130_call_lists_2bytes
[ 57%] Building C object tests/CMakeFiles/ref_131_lines_basic.dir/cases/test_131_lines_basic.c.o
[ 57%] Linking C executable ../tests_ref/ref_131_lines_basic
[ 57%] Built target ref_128_dlist_repeat_outer_mv
[ 57%] Building C object tests/CMakeFiles/sgl_131_lines_basic.dir/cases/test_131_lines_basic.c.o
[ 57%] Built target ref_129_dlist_id_recycle
[ 57%] Building C object tests/CMakeFiles/ref_132_line_strip.dir/cases/test_132_line_strip.c.o
[ 57%] Linking C executable ../tests_sgl/sgl_131_lines_basic
[ 57%] Built target sgl_131_lines_basic
[ 57%] Linking C executable ../tests_ref/ref_132_line_strip
[ 57%] Building C object tests/CMakeFiles/sgl_132_line_strip.dir/cases/test_132_line_strip.c.o
[ 57%] Linking C executable ../tests_sgl/sgl_132_line_strip
[ 57%] Built target sgl_132_line_strip
[ 57%] Building C object tests/CMakeFiles/ref_133_line_loop.dir/cases/test_133_line_loop.c.o
[ 57%] Built target ref_130_call_lists_2bytes
[ 57%] Building C object tests/CMakeFiles/sgl_133_line_loop.dir/cases/test_133_line_loop.c.o
[ 58%] Linking C executable ../tests_ref/ref_133_line_loop
[ 58%] Built target ref_131_lines_basic
[ 58%] Linking C executable ../tests_sgl/sgl_133_line_loop
[ 58%] Building C object tests/CMakeFiles/ref_134_line_width.dir/cases/test_134_line_width.c.o
[ 58%] Built target sgl_133_line_loop
[ 58%] Building C object tests/CMakeFiles/sgl_134_line_width.dir/cases/test_134_line_width.c.o
[ 58%] Built target ref_132_line_strip
[ 58%] Linking C executable ../tests_ref/ref_134_line_width
[ 58%] Building C object tests/CMakeFiles/ref_135_points_grid.dir/cases/test_135_points_grid.c.o
[ 58%] Linking C executable ../tests_sgl/sgl_134_line_width
[ 58%] Built target sgl_134_line_width
[ 58%] Building C object tests/CMakeFiles/sgl_135_points_grid.dir/cases/test_135_points_grid.c.o
[ 58%] Linking C executable ../tests_ref/ref_135_points_grid
[ 58%] Linking C executable ../tests_sgl/sgl_135_points_grid
[ 58%] Built target sgl_135_points_grid
[ 58%] Building C object tests/CMakeFiles/ref_136_point_size.dir/cases/test_136_point_size.c.o
[ 58%] Built target ref_133_line_loop
[ 59%] Building C object tests/CMakeFiles/sgl_136_point_size.dir/cases/test_136_point_size.c.o
[ 59%] Linking C executable ../tests_sgl/sgl_136_point_size
[ 59%] Linking C executable ../tests_ref/ref_136_point_size
[ 59%] Built target sgl_136_point_size
[ 59%] Building C object tests/CMakeFiles/ref_137_polygon_mode_line.dir/cases/test_137_polygon_mode_line.c.o
[ 59%] Built target ref_134_line_width
[ 59%] Building C object tests/CMakeFiles/sgl_137_polygon_mode_line.dir/cases/test_137_polygon_mode_line.c.o
[ 59%] Built target ref_135_points_grid
[ 59%] Building C object tests/CMakeFiles/ref_138_polygon_mode_point.dir/cases/test_138_polygon_mode_point.c.o
[ 59%] Linking C executable ../tests_sgl/sgl_137_polygon_mode_line
[ 59%] Linking C executable ../tests_ref/ref_137_polygon_mode_line
[ 59%] Built target sgl_137_polygon_mode_line
[ 60%] Linking C executable ../tests_ref/ref_138_polygon_mode_point
[ 60%] Building C object tests/CMakeFiles/sgl_138_polygon_mode_point.dir/cases/test_138_polygon_mode_point.c.o
[ 60%] Linking C executable ../tests_sgl/sgl_138_polygon_mode_point
[ 60%] Built target sgl_138_polygon_mode_point
[ 60%] Building C object tests/CMakeFiles/ref_139_polygon_mode_two_faces.dir/cases/test_139_polygon_mode_two_faces.c.o
[ 60%] Built target ref_136_point_size
[ 60%] Building C object tests/CMakeFiles/sgl_139_polygon_mode_two_faces.dir/cases/test_139_polygon_mode_two_faces.c.o
[ 60%] Linking C executable ../tests_sgl/sgl_139_polygon_mode_two_faces
[ 60%] Linking C executable ../tests_ref/ref_139_polygon_mode_two_faces
[ 60%] Built target sgl_139_polygon_mode_two_faces
[ 60%] Built target ref_137_polygon_mode_line
[ 60%] Building C object tests/CMakeFiles/ref_140_polygon_offset.dir/cases/test_140_polygon_offset.c.o
[ 61%] Building C object tests/CMakeFiles/sgl_140_polygon_offset.dir/cases/test_140_polygon_offset.c.o
[ 61%] Linking C executable ../tests_sgl/sgl_140_polygon_offset
[ 61%] Built target ref_138_polygon_mode_point
[ 61%] Linking C executable ../tests_ref/ref_140_polygon_offset
[ 61%] Building C object tests/CMakeFiles/ref_141_line_color_gradient.dir/cases/test_141_line_color_gradient.c.o
[ 61%] Built target sgl_140_polygon_offset
[ 61%] Building C object tests/CMakeFiles/sgl_141_line_color_gradient.dir/cases/test_141_line_color_gradient.c.o
[ 61%] Linking C executable ../tests_sgl/sgl_141_line_color_gradient
[ 61%] Linking C executable ../tests_ref/ref_141_line_color_gradient
[ 61%] Built target sgl_141_line_color_gradient
[ 61%] Building C object tests/CMakeFiles/ref_142_line_perspective_depth.dir/cases/test_142_line_perspective_depth.c.o
[ 61%] Built target ref_139_polygon_mode_two_faces
[ 61%] Building C object tests/CMakeFiles/sgl_142_line_perspective_depth.dir/cases/test_142_line_perspective_depth.c.o
[ 61%] Linking C executable ../tests_ref/ref_142_line_perspective_depth
[ 61%] Linking C executable ../tests_sgl/sgl_142_line_perspective_depth
[ 61%] Built target sgl_142_line_perspective_depth
[ 62%] Building C object tests/CMakeFiles/ref_143_line_clip.dir/cases/test_143_line_clip.c.o
[ 62%] Built target ref_140_polygon_offset
[ 62%] Building C object tests/CMakeFiles/sgl_143_line_clip.dir/cases/test_143_line_clip.c.o
[ 62%] Linking C executable ../tests_sgl/sgl_143_line_clip
[ 62%] Linking C executable ../tests_ref/ref_143_line_clip
[ 62%] Built target sgl_143_line_clip
[ 62%] Built target ref_141_line_color_gradient
[ 62%] Building C object tests/CMakeFiles/ref_144_edge_flag_polygon.dir/cases/test_144_edge_flag_polygon.c.o
[ 62%] Building C object tests/CMakeFiles/sgl_144_edge_flag_polygon.dir/cases/test_144_edge_flag_polygon.c.o
[ 62%] Linking C executable ../tests_sgl/sgl_144_edge_flag_polygon
[ 62%] Linking C executable ../tests_ref/ref_144_edge_flag_polygon
[ 62%] Built target sgl_144_edge_flag_polygon
[ 62%] Built target ref_142_line_perspective_depth
[ 62%] Building C object tests/CMakeFiles/ref_145_mixed_primitives.dir/cases/test_145_mixed_primitives.c.o
[ 62%] Building C object tests/CMakeFiles/sgl_145_mixed_primitives.dir/cases/test_145_mixed_primitives.c.o
[ 63%] Linking C executable ../tests_sgl/sgl_145_mixed_primitives
[ 63%] Linking C executable ../tests_ref/ref_145_mixed_primitives
[ 63%] Built target sgl_145_mixed_primitives
[ 63%] Building C object tests/CMakeFiles/ref_146_stencil_clear.dir/cases/test_146_stencil_clear.c.o
[ 63%] Built target ref_143_line_clip
[ 63%] Building C object tests/CMakeFiles/sgl_146_stencil_clear.dir/cases/test_146_stencil_clear.c.o
[ 63%] Linking C executable ../tests_sgl/sgl_146_stencil_clear
[ 63%] Linking C executable ../tests_ref/ref_146_stencil_clear
[ 63%] Built target sgl_146_stencil_clear
[ 63%] Building C object tests/CMakeFiles/ref_147_stencil_mask_basic.dir/cases/test_147_stencil_mask_basic.c.o
[ 63%] Built target ref_144_edge_flag_polygon
[ 63%] Building C object tests/CMakeFiles/sgl_147_stencil_mask_basic.dir/cases/test_147_stencil_mask_basic.c.o
[ 63%] Linking C executable ../tests_ref/ref_147_stencil_mask_basic
[ 63%] Linking C executable ../tests_sgl/sgl_147_stencil_mask_basic
[ 63%] Built target sgl_147_stencil_mask_basic
[ 63%] Built target ref_145_mixed_primitives
[ 64%] Building C object tests/CMakeFiles/ref_148_stencil_incr_overlap.dir/cases/test_148_stencil_incr_overlap.c.o
[ 64%] Building C object tests/CMakeFiles/sgl_148_stencil_incr_overlap.dir/cases/test_148_stencil_incr_overlap.c.o
[ 64%] Linking C executable ../tests_sgl/sgl_148_stencil_incr_overlap
[ 64%] Linking C executable ../tests_ref/ref_148_stencil_incr_overlap
[ 64%] Built target sgl_148_stencil_incr_overlap
[ 64%] Building C object tests/CMakeFiles/ref_149_stencil_invert_xor.dir/cases/test_149_stencil_invert_xor.c.o
[ 64%] Built target ref_146_stencil_clear
[ 64%] Building C object tests/CMakeFiles/sgl_149_stencil_invert_xor.dir/cases/test_149_stencil_invert_xor.c.o
[ 64%] Linking C executable ../tests_sgl/sgl_149_stencil_invert_xor
[ 64%] Linking C executable ../tests_ref/ref_149_stencil_invert_xor
[ 64%] Built target sgl_149_stencil_invert_xor
[ 64%] Built target ref_147_stencil_mask_basic
[ 64%] Building C object tests/CMakeFiles/ref_150_stencil_zfail_shadow.dir/cases/test_150_stencil_zfail_shadow.c.o
[ 65%] Building C object tests/CMakeFiles/sgl_150_stencil_zfail_shadow.dir/cases/test_150_stencil_zfail_shadow.c.o
[ 65%] Linking C executable ../tests_sgl/sgl_150_stencil_zfail_shadow
[ 65%] Linking C executable ../tests_ref/ref_150_stencil_zfail_shadow
[ 65%] Built target sgl_150_stencil_zfail_shadow
[ 65%] Building C object tests/CMakeFiles/ref_151_stencil_write_mask.dir/cases/test_151_stencil_write_mask.c.o
[ 65%] Built target ref_148_stencil_incr_overlap
[ 65%] Building C object tests/CMakeFiles/sgl_151_stencil_write_mask.dir/cases/test_151_stencil_write_mask.c.o
[ 65%] Linking C executable ../tests_ref/ref_151_stencil_write_mask
[ 65%] Linking C executable ../tests_sgl/sgl_151_stencil_write_mask
[ 65%] Built target sgl_151_stencil_write_mask
[ 65%] Building C object tests/CMakeFiles/ref_152_stencil_value_mask.dir/cases/test_152_stencil_value_mask.c.o
[ 65%] Built target ref_149_stencil_invert_xor
[ 65%] Building C object tests/CMakeFiles/sgl_152_stencil_value_mask.dir/cases/test_152_stencil_value_mask.c.o
[ 66%] Linking C executable ../tests_ref/ref_152_stencil_value_mask
[ 66%] Linking C executable ../tests_sgl/sgl_152_stencil_value_mask
[ 66%] Built target ref_150_stencil_zfail_shadow
[ 66%] Built target sgl_152_stencil_value_mask
[ 66%] Building C object tests/CMakeFiles/ref_153_stencil_dpfail_incr.dir/cases/test_153_stencil_dpfail_incr.c.o
[ 66%] Building C object tests/CMakeFiles/sgl_153_stencil_dpfail_incr.dir/cases/test_153_stencil_dpfail_incr.c.o
[ 66%] Linking C executable ../tests_sgl/sgl_153_stencil_dpfail_incr
[ 66%] Linking C executable ../tests_ref/ref_153_stencil_dpfail_incr
[ 66%] Built target ref_151_stencil_write_mask
[ 66%] Building C object tests/CMakeFiles/ref_154_stencil_portal.dir/cases/test_154_stencil_portal.c.o
[ 66%] Built target sgl_153_stencil_dpfail_incr
[ 66%] Building C object tests/CMakeFiles/sgl_154_stencil_portal.dir/cases/test_154_stencil_portal.c.o
[ 66%] Linking C executable ../tests_sgl/sgl_154_stencil_portal
[ 66%] Linking C executable ../tests_ref/ref_154_stencil_portal
[ 66%] Built target sgl_154_stencil_portal
[ 66%] Building C object tests/CMakeFiles/ref_155_stencil_mirror.dir/cases/test_155_stencil_mirror.c.o
[ 66%] Built target ref_152_stencil_value_mask
[ 67%] Building C object tests/CMakeFiles/sgl_155_stencil_mirror.dir/cases/test_155_stencil_mirror.c.o
[ 67%] Linking C executable ../tests_sgl/sgl_155_stencil_mirror
[ 67%] Linking C executable ../tests_ref/ref_155_stencil_mirror
[ 67%] Built target sgl_155_stencil_mirror
[ 67%] Built target ref_153_stencil_dpfail_incr
[ 67%] Building C object tests/CMakeFiles/ref_156_tex1d_gradient.dir/cases/test_156_tex1d_gradient.c.o
[ 67%] Building C object tests/CMakeFiles/sgl_156_tex1d_gradient.dir/cases/test_156_tex1d_gradient.c.o
[ 67%] Linking C executable ../tests_sgl/sgl_156_tex1d_gradient
[ 67%] Built target sgl_156_tex1d_gradient
[ 67%] Linking C executable ../tests_ref/ref_156_tex1d_gradient
[ 67%] Building C object tests/CMakeFiles/ref_157_tex1d_lookup.dir/cases/test_157_tex1d_lookup.c.o
[ 67%] Built target ref_154_stencil_portal
[ 67%] Linking C executable ../tests_ref/ref_157_tex1d_lookup
[ 67%] Building C object tests/CMakeFiles/sgl_157_tex1d_lookup.dir/cases/test_157_tex1d_lookup.c.o
[ 67%] Linking C executable ../tests_sgl/sgl_157_tex1d_lookup
[ 67%] Built target ref_155_stencil_mirror
[ 68%] Building C object tests/CMakeFiles/ref_158_tex3d_corners.dir/cases/test_158_tex3d_corners.c.o
[ 68%] Built target sgl_157_tex1d_lookup
[ 68%] Building C object tests/CMakeFiles/sgl_158_tex3d_corners.dir/cases/test_158_tex3d_corners.c.o
[ 68%] Linking C executable ../tests_ref/ref_158_tex3d_corners
[ 68%] Linking C executable ../tests_sgl/sgl_158_tex3d_corners
[ 68%] Built target sgl_158_tex3d_corners
[ 68%] Built target ref_156_tex1d_gradient
[ 68%] Building C object tests/CMakeFiles/ref_159_tex3d_slices.dir/cases/test_159_tex3d_slices.c.o
[ 68%] Building C object tests/CMakeFiles/sgl_159_tex3d_slices.dir/cases/test_159_tex3d_slices.c.o
[ 68%] Built target ref_157_tex1d_lookup
[ 68%] Building C object tests/CMakeFiles/ref_160_cubemap_skybox.dir/cases/test_160_cubemap_skybox.c.o
[ 68%] Linking C executable ../tests_sgl/sgl_159_tex3d_slices
[ 68%] Linking C executable ../tests_ref/ref_159_tex3d_slices
[ 68%] Linking C executable ../tests_ref/ref_160_cubemap_skybox
[ 68%] Built target sgl_159_tex3d_slices
[ 68%] Building C object tests/CMakeFiles/sgl_160_cubemap_skybox.dir/cases/test_160_cubemap_skybox.c.o
[ 68%] Linking C executable ../tests_sgl/sgl_160_cubemap_skybox
[ 68%] Built target ref_158_tex3d_corners
[ 68%] Building C object tests/CMakeFiles/ref_161_cubemap_reflect.dir/cases/test_161_cubemap_reflect.c.o
[ 68%] Built target sgl_160_cubemap_skybox
[ 68%] Building C object tests/CMakeFiles/sgl_161_cubemap_reflect.dir/cases/test_161_cubemap_reflect.c.o
[ 68%] Built target ref_159_tex3d_slices
[ 69%] Building C object tests/CMakeFiles/ref_162_cubemap_faces.dir/cases/test_162_cubemap_faces.c.o
[ 69%] Built target ref_160_cubemap_skybox
[ 69%] Building C object tests/CMakeFiles/sgl_162_cubemap_faces.dir/cases/test_162_cubemap_faces.c.o
[ 69%] Linking C executable ../tests_ref/ref_162_cubemap_faces
[ 69%] Linking C executable ../tests_sgl/sgl_162_cubemap_faces
[ 69%] Built target sgl_162_cubemap_faces
[ 69%] Building C object tests/CMakeFiles/ref_163_copy_tex_image_2d.dir/cases/test_163_copy_tex_image_2d.c.o
[ 69%] Linking C executable ../tests_ref/ref_163_copy_tex_image_2d
[ 69%] Linking C executable ../tests_ref/ref_161_cubemap_reflect
[ 69%] Linking C executable ../tests_sgl/sgl_161_cubemap_reflect
[ 69%] Built target sgl_161_cubemap_reflect
[ 69%] Built target ref_162_cubemap_faces
[ 69%] Building C object tests/CMakeFiles/sgl_163_copy_tex_image_2d.dir/cases/test_163_copy_tex_image_2d.c.o
[ 69%] Building C object tests/CMakeFiles/ref_164_copy_tex_sub_image_2d.dir/cases/test_164_copy_tex_sub_image_2d.c.o
[ 69%] Linking C executable ../tests_sgl/sgl_163_copy_tex_image_2d
[ 69%] Built target sgl_163_copy_tex_image_2d
[ 69%] Linking C executable ../tests_ref/ref_164_copy_tex_sub_image_2d
[ 69%] Building C object tests/CMakeFiles/sgl_164_copy_tex_sub_image_2d.dir/cases/test_164_copy_tex_sub_image_2d.c.o
[ 70%] Linking C executable ../tests_sgl/sgl_164_copy_tex_sub_image_2d
[ 70%] Built target ref_163_copy_tex_image_2d
[ 70%] Building C object tests/CMakeFiles/ref_165_tex_sub_image_2d.dir/cases/test_165_tex_sub_image_2d.c.o
[ 70%] Built target sgl_164_copy_tex_sub_image_2d
[ 70%] Built target ref_161_cubemap_reflect
[ 70%] Building C object tests/CMakeFiles/sgl_165_tex_sub_image_2d.dir/cases/test_165_tex_sub_image_2d.c.o
[ 70%] Building C object tests/CMakeFiles/ref_166_tex_sub_image_3d.dir/cases/test_166_tex_sub_image_3d.c.o
[ 70%] Linking C executable ../tests_sgl/sgl_165_tex_sub_image_2d
[ 70%] Linking C executable ../tests_ref/ref_165_tex_sub_image_2d
[ 70%] Built target sgl_165_tex_sub_image_2d
[ 70%] Linking C executable ../tests_ref/ref_166_tex_sub_image_3d
[ 70%] Building C object tests/CMakeFiles/sgl_166_tex_sub_image_3d.dir/cases/test_166_tex_sub_image_3d.c.o
[ 70%] Linking C executable ../tests_sgl/sgl_166_tex_sub_image_3d
[ 70%] Built target ref_164_copy_tex_sub_image_2d
[ 70%] Building C object tests/CMakeFiles/ref_167_cubemap_lit.dir/cases/test_167_cubemap_lit.c.o
[ 70%] Built target sgl_166_tex_sub_image_3d
[ 70%] Building C object tests/CMakeFiles/sgl_167_cubemap_lit.dir/cases/test_167_cubemap_lit.c.o
[ 70%] Linking C executable ../tests_sgl/sgl_167_cubemap_lit
[ 71%] Linking C executable ../tests_ref/ref_167_cubemap_lit
[ 71%] Built target ref_165_tex_sub_image_2d
[ 71%] Built target sgl_167_cubemap_lit
[ 71%] Building C object tests/CMakeFiles/ref_168_tex3d_trilinear.dir/cases/test_168_tex3d_trilinear.c.o
[ 71%] Building C object tests/CMakeFiles/sgl_168_tex3d_trilinear.dir/cases/test_168_tex3d_trilinear.c.o
[ 71%] Linking C executable ../tests_sgl/sgl_168_tex3d_trilinear
[ 71%] Built target ref_166_tex_sub_image_3d
[ 71%] Linking C executable ../tests_ref/ref_168_tex3d_trilinear
[ 71%] Building C object tests/CMakeFiles/ref_169_cube_and_2d.dir/cases/test_169_cube_and_2d.c.o
[ 71%] Built target sgl_168_tex3d_trilinear
[ 71%] Building C object tests/CMakeFiles/sgl_169_cube_and_2d.dir/cases/test_169_cube_and_2d.c.o
[ 71%] Linking C executable ../tests_sgl/sgl_169_cube_and_2d
[ 71%] Linking C executable ../tests_ref/ref_169_cube_and_2d
[ 71%] Built target ref_167_cubemap_lit
[ 71%] Built target sgl_169_cube_and_2d
[ 71%] Building C object tests/CMakeFiles/ref_170_all_targets.dir/cases/test_170_all_targets.c.o
[ 71%] Building C object tests/CMakeFiles/sgl_170_all_targets.dir/cases/test_170_all_targets.c.o
[ 71%] Built target ref_168_tex3d_trilinear
[ 71%] Building C object tests/CMakeFiles/ref_171_clip_plane_y.dir/cases/test_171_clip_plane_y.c.o
[ 71%] Linking C executable ../tests_ref/ref_171_clip_plane_y
[ 71%] Linking C executable ../tests_ref/ref_170_all_targets
[ 71%] Linking C executable ../tests_sgl/sgl_170_all_targets
[ 71%] Built target sgl_170_all_targets
[ 71%] Built target ref_169_cube_and_2d
[ 71%] Building C object tests/CMakeFiles/sgl_171_clip_plane_y.dir/cases/test_171_clip_plane_y.c.o
[ 72%] Building C object tests/CMakeFiles/ref_172_clip_plane_diagonal.dir/cases/test_172_clip_plane_diagonal.c.o
[ 72%] Linking C executable ../tests_sgl/sgl_171_clip_plane_y
[ 72%] Built target sgl_171_clip_plane_y
[ 72%] Linking C executable ../tests_ref/ref_172_clip_plane_diagonal
[ 72%] Building C object tests/CMakeFiles/sgl_172_clip_plane_diagonal.dir/cases/test_172_clip_plane_diagonal.c.o
[ 72%] Linking C executable ../tests_sgl/sgl_172_clip_plane_diagonal
[ 72%] Built target sgl_172_clip_plane_diagonal
[ 72%] Building C object tests/CMakeFiles/ref_173_clip_plane_two.dir/cases/test_173_clip_plane_two.c.o
[ 72%] Built target ref_171_clip_plane_y
[ 72%] Linking C executable ../tests_ref/ref_173_clip_plane_two
[ 72%] Building C object tests/CMakeFiles/sgl_173_clip_plane_two.dir/cases/test_173_clip_plane_two.c.o
[ 72%] Built target ref_170_all_targets
[ 72%] Linking C executable ../tests_sgl/sgl_173_clip_plane_two
[ 72%] Building C object tests/CMakeFiles/ref_174_color_material_diffuse.dir/cases/test_174_color_material_diffuse.c.o
[ 72%] Built target sgl_173_clip_plane_two
[ 72%] Building C object tests/CMakeFiles/sgl_174_color_material_diffuse.dir/cases/test_174_color_material_diffuse.c.o
[ 72%] Linking C executable ../tests_ref/ref_174_color_material_diffuse
[ 73%] Linking C executable ../tests_sgl/sgl_174_color_material_diffuse
[ 73%] Built target ref_172_clip_plane_diagonal
[ 73%] Building C object tests/CMakeFiles/ref_175_light_model_local_viewer.dir/cases/test_175_light_model_local_viewer.c.o
[ 73%] Built target sgl_174_color_material_diffuse
[ 73%] Building C object tests/CMakeFiles/sgl_175_light_model_local_viewer.dir/cases/test_175_light_model_local_viewer.c.o
[ 73%] Linking C executable ../tests_sgl/sgl_175_light_model_local_viewer
[ 73%] Linking C executable ../tests_ref/ref_175_light_model_local_viewer
[ 73%] Built target ref_173_clip_plane_two
[ 73%] Building C object tests/CMakeFiles/ref_176_light_model_two_side.dir/cases/test_176_light_model_two_side.c.o
[ 73%] Built target sgl_175_light_model_local_viewer
[ 73%] Building C object tests/CMakeFiles/sgl_176_light_model_two_side.dir/cases/test_176_light_model_two_side.c.o
[ 73%] Linking C executable ../tests_ref/ref_176_light_model_two_side
[ 73%] Linking C executable ../tests_sgl/sgl_176_light_model_two_side
[ 73%] Built target sgl_176_light_model_two_side
[ 73%] Built target ref_174_color_material_diffuse
[ 74%] Building C object tests/CMakeFiles/ref_177_color_mask.dir/cases/test_177_color_mask.c.o
[ 74%] Building C object tests/CMakeFiles/sgl_177_color_mask.dir/cases/test_177_color_mask.c.o
[ 74%] Linking C executable ../tests_sgl/sgl_177_color_mask
[ 74%] Linking C executable ../tests_ref/ref_177_color_mask
[ 74%] Built target sgl_177_color_mask
[ 74%] Building C object tests/CMakeFiles/ref_178_logic_op_xor.dir/cases/test_178_logic_op_xor.c.o
[ 74%] Built target ref_175_light_model_local_viewer
[ 74%] Building C object tests/CMakeFiles/sgl_178_logic_op_xor.dir/cases/test_178_logic_op_xor.c.o
[ 74%] Linking C executable ../tests_ref/ref_178_logic_op_xor
[ 74%] Linking C executable ../tests_sgl/sgl_178_logic_op_xor
[ 74%] Built target ref_176_light_model_two_side
[ 74%] Built target sgl_178_logic_op_xor
[ 74%] Building C object tests/CMakeFiles/ref_179_logic_op_invert.dir/cases/test_179_logic_op_invert.c.o
[ 74%] Building C object tests/CMakeFiles/sgl_179_logic_op_invert.dir/cases/test_179_logic_op_invert.c.o
[ 75%] Linking C executable ../tests_sgl/sgl_179_logic_op_invert
[ 75%] Linking C executable ../tests_ref/ref_179_logic_op_invert
[ 75%] Built target sgl_179_logic_op_invert
[ 75%] Built target ref_177_color_mask
[ 75%] Building C object tests/CMakeFiles/ref_180_hint_and_index_mask.dir/cases/test_180_hint_and_index_mask.c.o
[ 75%] Building C object tests/CMakeFiles/sgl_180_hint_and_index_mask.dir/cases/test_180_hint_and_index_mask.c.o
[ 75%] Linking C executable ../tests_sgl/sgl_180_hint_and_index_mask
[ 75%] Linking C executable ../tests_ref/ref_180_hint_and_index_mask
[ 75%] Built target sgl_180_hint_and_index_mask
[ 75%] Building C object tests/CMakeFiles/ref_181_drawpixels_rgba.dir/cases/test_181_drawpixels_rgba.c.o
[ 75%] Built target ref_178_logic_op_xor
[ 75%] Building C object tests/CMakeFiles/sgl_181_drawpixels_rgba.dir/cases/test_181_drawpixels_rgba.c.o
[ 76%] Linking C executable ../tests_ref/ref_181_drawpixels_rgba
[ 76%] Linking C executable ../tests_sgl/sgl_181_drawpixels_rgba
[ 76%] Built target sgl_181_drawpixels_rgba
[ 76%] Building C object tests/CMakeFiles/ref_182_drawpixels_luminance.dir/cases/test_182_drawpixels_luminance.c.o
[ 76%] Built target ref_179_logic_op_invert
[ 76%] Building C object tests/CMakeFiles/sgl_182_drawpixels_luminance.dir/cases/test_182_drawpixels_luminance.c.o
[ 76%] Built target ref_180_hint_and_index_mask
[ 76%] Building C object tests/CMakeFiles/ref_183_drawpixels_rgb_float.dir/cases/test_183_drawpixels_rgb_float.c.o
[ 76%] Linking C executable ../tests_sgl/sgl_182_drawpixels_luminance
[ 76%] Linking C executable ../tests_ref/ref_182_drawpixels_luminance
[ 76%] Built target sgl_182_drawpixels_luminance
[ 76%] Building C object tests/CMakeFiles/sgl_183_drawpixels_rgb_float.dir/cases/test_183_drawpixels_rgb_float.c.o
[ 76%] Linking C executable ../tests_ref/ref_183_drawpixels_rgb_float
[ 76%] Built target ref_181_drawpixels_rgba
[ 76%] Linking C executable ../tests_sgl/sgl_183_drawpixels_rgb_float
[ 76%] Building C object tests/CMakeFiles/ref_184_readpixels_echo.dir/cases/test_184_readpixels_echo.c.o
[ 76%] Built target sgl_183_drawpixels_rgb_float
[ 77%] Building C object tests/CMakeFiles/sgl_184_readpixels_echo.dir/cases/test_184_readpixels_echo.c.o
[ 77%] Linking C executable ../tests_ref/ref_184_readpixels_echo
[ 77%] Linking C executable ../tests_sgl/sgl_184_readpixels_echo
[ 77%] Built target sgl_184_readpixels_echo
[ 77%] Built target ref_182_drawpixels_luminance
[ 77%] Building C object tests/CMakeFiles/ref_185_copypixels.dir/cases/test_185_copypixels.c.o
[ 77%] Building C object tests/CMakeFiles/sgl_185_copypixels.dir/cases/test_185_copypixels.c.o
[ 77%] Linking C executable ../tests_sgl/sgl_185_copypixels
[ 77%] Built target ref_183_drawpixels_rgb_float
[ 77%] Linking C executable ../tests_ref/ref_185_copypixels
[ 77%] Building C object tests/CMakeFiles/ref_186_pixelzoom_2x.dir/cases/test_186_pixelzoom_2x.c.o
[ 77%] Built target sgl_185_copypixels
[ 77%] Building C object tests/CMakeFiles/sgl_186_pixelzoom_2x.dir/cases/test_186_pixelzoom_2x.c.o
[ 77%] Built target ref_184_readpixels_echo
[ 78%] Linking C executable ../tests_ref/ref_186_pixelzoom_2x
[ 78%] Linking C executable ../tests_sgl/sgl_186_pixelzoom_2x
[ 78%] Building C object tests/CMakeFiles/ref_187_pixelzoom_flip.dir/cases/test_187_pixelzoom_flip.c.o
[ 78%] Built target sgl_186_pixelzoom_2x
[ 78%] Building C object tests/CMakeFiles/sgl_187_pixelzoom_flip.dir/cases/test_187_pixelzoom_flip.c.o
[ 78%] Linking C executable ../tests_ref/ref_187_pixelzoom_flip
[ 78%] Linking C executable ../tests_sgl/sgl_187_pixelzoom_flip
[ 78%] Built target sgl_187_pixelzoom_flip
[ 78%] Building C object tests/CMakeFiles/ref_188_unpack_alignment.dir/cases/test_188_unpack_alignment.c.o
[ 78%] Built target ref_185_copypixels
[ 78%] Building C object tests/CMakeFiles/sgl_188_unpack_alignment.dir/cases/test_188_unpack_alignment.c.o
[ 78%] Linking C executable ../tests_sgl/sgl_188_unpack_alignment
[ 78%] Linking C executable ../tests_ref/ref_188_unpack_alignment
[ 78%] Built target sgl_188_unpack_alignment
[ 78%] Building C object tests/CMakeFiles/ref_189_unpack_rowlength_skip.dir/cases/test_189_unpack_rowlength_skip.c.o
[ 78%] Built target ref_186_pixelzoom_2x
[ 79%] Building C object tests/CMakeFiles/sgl_189_unpack_rowlength_skip.dir/cases/test_189_unpack_rowlength_skip.c.o
[ 79%] Built target ref_187_pixelzoom_flip
[ 79%] Linking C executable ../tests_sgl/sgl_189_unpack_rowlength_skip
[ 79%] Building C object tests/CMakeFiles/ref_190_rasterpos_clipped.dir/cases/test_190_rasterpos_clipped.c.o
[ 79%] Linking C executable ../tests_ref/ref_189_unpack_rowlength_skip
[ 79%] Built target sgl_189_unpack_rowlength_skip
[ 79%] Building C object tests/CMakeFiles/sgl_190_rasterpos_clipped.dir/cases/test_190_rasterpos_clipped.c.o
[ 79%] Linking C executable ../tests_ref/ref_190_rasterpos_clipped
[ 79%] Linking C executable ../tests_sgl/sgl_190_rasterpos_clipped
[ 79%] Built target sgl_190_rasterpos_clipped
[ 80%] Building C object tests/CMakeFiles/ref_191_combine_interpolate.dir/cases/test_191_combine_interpolate.c.o
[ 80%] Built target ref_188_unpack_alignment
[ 80%] Building C object tests/CMakeFiles/sgl_191_combine_interpolate.dir/cases/test_191_combine_interpolate.c.o
[ 80%] Linking C executable ../tests_sgl/sgl_191_combine_interpolate
[ 80%] Linking C executable ../tests_ref/ref_191_combine_interpolate
[ 80%] Built target sgl_191_combine_interpolate
[ 80%] Built target ref_189_unpack_rowlength_skip
[ 80%] Building C object tests/CMakeFiles/ref_192_combine_subtract.dir/cases/test_192_combine_subtract.c.o
[ 80%] Building C object tests/CMakeFiles/sgl_192_combine_subtract.dir/cases/test_192_combine_subtract.c.o
[ 80%] Linking C executable ../tests_sgl/sgl_192_combine_subtract
[ 80%] Linking C executable ../tests_ref/ref_192_combine_subtract
[ 80%] Built target sgl_192_combine_subtract
[ 80%] Built target ref_190_rasterpos_clipped
[ 80%] Building C object tests/CMakeFiles/ref_193_combine_add_signed_scale.dir/cases/test_193_combine_add_signed_scale.c.o
[ 80%] Building C object tests/CMakeFiles/sgl_193_combine_add_signed_scale.dir/cases/test_193_combine_add_signed_scale.c.o
[ 81%] Linking C executable ../tests_sgl/sgl_193_combine_add_signed_scale
[ 81%] Linking C executable ../tests_ref/ref_193_combine_add_signed_scale
[ 81%] Built target sgl_193_combine_add_signed_scale
[ 81%] Building C object tests/CMakeFiles/ref_194_combine_split_alpha.dir/cases/test_194_combine_split_alpha.c.o
[ 81%] Built target ref_191_combine_interpolate
[ 81%] Building C object tests/CMakeFiles/sgl_194_combine_split_alpha.dir/cases/test_194_combine_split_alpha.c.o
[ 81%] Linking C executable ../tests_ref/ref_194_combine_split_alpha
[ 81%] Built target ref_192_combine_subtract
[ 81%] Linking C executable ../tests_sgl/sgl_194_combine_split_alpha
[ 81%] Building C object tests/CMakeFiles/ref_195_combine_dot3_rgba.dir/cases/test_195_combine_dot3_rgba.c.o
[ 81%] Built target sgl_194_combine_split_alpha
[ 81%] Building C object tests/CMakeFiles/sgl_195_combine_dot3_rgba.dir/cases/test_195_combine_dot3_rgba.c.o
[ 81%] Linking C executable ../tests_ref/ref_195_combine_dot3_rgba
[ 81%] Linking C executable ../tests_sgl/sgl_195_combine_dot3_rgba
[ 81%] Built target ref_193_combine_add_signed_scale
[ 81%] Building C object tests/CMakeFiles/ref_196_occlusion_samples.dir/cases/test_196_occlusion_samples.c.o
[ 81%] Built target sgl_195_combine_dot3_rgba
[ 81%] Building C object tests/CMakeFiles/sgl_196_occlusion_samples.dir/cases/test_196_occlusion_samples.c.o
[ 81%] Linking C executable ../tests_sgl/sgl_196_occlusion_samples
[ 82%] Linking C executable ../tests_ref/ref_196_occlusion_samples
[ 82%] Built target ref_194_combine_split_alpha
[ 82%] Built target sgl_196_occlusion_samples
[ 82%] Building C object tests/CMakeFiles/ref_197_occlusion_any.dir/cases/test_197_occlusion_any.c.o
[ 82%] Building C object tests/CMakeFiles/sgl_197_occlusion_any.dir/cases/test_197_occlusion_any.c.o
[ 82%] Linking C executable ../tests_sgl/sgl_197_occlusion_any
[ 82%] Linking C executable ../tests_ref/ref_197_occlusion_any
[ 82%] Built target sgl_197_occlusion_any
[ 82%] Building C object tests/CMakeFiles/ref_198_map_buffer.dir/cases/test_198_map_buffer.c.o
[ 82%] Built target ref_195_combine_dot3_rgba
[ 82%] Linking C executable ../tests_ref/ref_198_map_buffer
[ 82%] Building C object tests/CMakeFiles/sgl_198_map_buffer.dir/cases/test_198_map_buffer.c.o
[ 82%] Linking C executable ../tests_sgl/sgl_198_map_buffer
[ 82%] Built target sgl_198_map_buffer
[ 82%] Built target ref_196_occlusion_samples
[ 82%] Building C object tests/CMakeFiles/ref_199_evaluators_patch.dir/cases/test_199_evaluators_patch.c.o
[ 83%] Building C object tests/CMakeFiles/sgl_199_evaluators_patch.dir/cases/test_199_evaluators_patch.c.o
[ 83%] Linking C executable ../tests_sgl/sgl_199_evaluators_patch
[ 83%] Linking C executable ../tests_ref/ref_199_evaluators_patch
[ 83%] Built target sgl_199_evaluators_patch
[ 83%] Built target ref_197_occlusion_any
[ 83%] Building C object tests/CMakeFiles/ref_200_accum_jitter.dir/cases/test_200_accum_jitter.c.o
[ 83%] Building C object tests/CMakeFiles/sgl_200_accum_jitter.dir/cases/test_200_accum_jitter.c.o
[ 83%] Built target ref_198_map_buffer
[ 83%] Linking C executable ../tests_sgl/sgl_200_accum_jitter
[ 84%] Linking C executable ../tests_ref/ref_200_accum_jitter
[ 84%] Building C object tests/CMakeFiles/ref_201_stipple.dir/cases/test_201_stipple.c.o
[ 84%] Built target sgl_200_accum_jitter
[ 84%] Building C object tests/CMakeFiles/sgl_201_stipple.dir/cases/test_201_stipple.c.o
[ 84%] Linking C executable ../tests_sgl/sgl_201_stipple
[ 84%] Linking C executable ../tests_ref/ref_201_stipple
[ 84%] Built target ref_199_evaluators_patch
[ 84%] Built target sgl_201_stipple
[ 84%] Building C object tests/CMakeFiles/ref_202_shadow_volume.dir/cases/test_202_shadow_volume.c.o
[ 84%] Building C object tests/CMakeFiles/sgl_202_shadow_volume.dir/cases/test_202_shadow_volume.c.o
[ 84%] Linking C executable ../tests_sgl/sgl_202_shadow_volume
[ 84%] Built target ref_200_accum_jitter
[ 84%] Linking C executable ../tests_ref/ref_202_shadow_volume
[ 84%] Building C object tests/CMakeFiles/ref_203_bump_brick.dir/cases/test_203_bump_brick.c.o
[ 84%] Built target sgl_202_shadow_volume
[ 85%] Building C object tests/CMakeFiles/sgl_203_bump_brick.dir/cases/test_203_bump_brick.c.o
[ 85%] Built target ref_201_stipple
[ 85%] Building C object tests/CMakeFiles/ref_204_lightmap_corridor.dir/cases/test_204_lightmap_corridor.c.o
[ 85%] Linking C executable ../tests_sgl/sgl_203_bump_brick
[ 85%] Linking C executable ../tests_ref/ref_203_bump_brick
[ 85%] Built target sgl_203_bump_brick
[ 85%] Building C object tests/CMakeFiles/sgl_204_lightmap_corridor.dir/cases/test_204_lightmap_corridor.c.o
[ 85%] Linking C executable ../tests_ref/ref_204_lightmap_corridor
[ 85%] Built target ref_202_shadow_volume
[ 85%] Building C object tests/CMakeFiles/ref_205_chrome_sphere.dir/cases/test_205_chrome_sphere.c.o
[ 85%] Linking C executable ../tests_sgl/sgl_204_lightmap_corridor
[ 85%] Built target sgl_204_lightmap_corridor
[ 85%] Building C object tests/CMakeFiles/sgl_205_chrome_sphere.dir/cases/test_205_chrome_sphere.c.o
[ 85%] Linking C executable ../tests_ref/ref_205_chrome_sphere
[ 85%] Built target ref_203_bump_brick
[ 85%] Linking C executable ../tests_sgl/sgl_205_chrome_sphere
[ 86%] Building C object tests/CMakeFiles/ref_206_spot_projector.dir/cases/test_206_spot_projector.c.o
[ 86%] Built target sgl_205_chrome_sphere
[ 86%] Building C object tests/CMakeFiles/sgl_206_spot_projector.dir/cases/test_206_spot_projector.c.o
[ 86%] Built target ref_204_lightmap_corridor
[ 86%] Building C object tests/CMakeFiles/ref_207_glass_window.dir/cases/test_207_glass_window.c.o
[ 86%] Linking C executable ../tests_ref/ref_207_glass_window
[ 86%] Linking C executable ../tests_sgl/sgl_206_spot_projector
[ 86%] Linking C executable ../tests_ref/ref_206_spot_projector
[ 86%] Built target ref_205_chrome_sphere
[ 86%] Building C object tests/CMakeFiles/sgl_207_glass_window.dir/cases/test_207_glass_window.c.o
[ 86%] Built target sgl_206_spot_projector
[ 86%] Building C object tests/CMakeFiles/ref_208_terrain_blend.dir/cases/test_208_terrain_blend.c.o
[ 86%] Linking C executable ../tests_sgl/sgl_207_glass_window
[ 86%] Built target sgl_207_glass_window
/home/cosmo/Git/softgl/build/diagnostics/queue-cost-priority/source-root/tests/cases/test_208_terrain_blend.c: In function ‘run_test’:
/home/cosmo/Git/softgl/build/diagnostics/queue-cost-priority/source-root/tests/cases/test_208_terrain_blend.c:89:13: warning: this ‘if’ clause does not guard... [-Wmisleading-indentation]
   89 |             if (a0 < 0.f) a0 = 0.f; if (a0 > 1.f) a0 = 1.f;
      |             ^~
/home/cosmo/Git/softgl/build/diagnostics/queue-cost-priority/source-root/tests/cases/test_208_terrain_blend.c:89:37: note: ...this statement, but the latter is misleadingly indented as if it were guarded by the ‘if’
   89 |             if (a0 < 0.f) a0 = 0.f; if (a0 > 1.f) a0 = 1.f;
      |                                     ^~
/home/cosmo/Git/softgl/build/diagnostics/queue-cost-priority/source-root/tests/cases/test_208_terrain_blend.c:90:13: warning: this ‘if’ clause does not guard... [-Wmisleading-indentation]
   90 |             if (a1 < 0.f) a1 = 0.f; if (a1 > 1.f) a1 = 1.f;
      |             ^~
/home/cosmo/Git/softgl/build/diagnostics/queue-cost-priority/source-root/tests/cases/test_208_terrain_blend.c:90:37: note: ...this statement, but the latter is misleadingly indented as if it were guarded by the ‘if’
   90 |             if (a1 < 0.f) a1 = 0.f; if (a1 > 1.f) a1 = 1.f;
      |                                     ^~
[ 86%] Building C object tests/CMakeFiles/sgl_208_terrain_blend.dir/cases/test_208_terrain_blend.c.o
/home/cosmo/Git/softgl/build/diagnostics/queue-cost-priority/source-root/tests/cases/test_208_terrain_blend.c: In function ‘run_test’:
/home/cosmo/Git/softgl/build/diagnostics/queue-cost-priority/source-root/tests/cases/test_208_terrain_blend.c:89:13: warning: this ‘if’ clause does not guard... [-Wmisleading-indentation]
   89 |             if (a0 < 0.f) a0 = 0.f; if (a0 > 1.f) a0 = 1.f;
      |             ^~
/home/cosmo/Git/softgl/build/diagnostics/queue-cost-priority/source-root/tests/cases/test_208_terrain_blend.c:89:37: note: ...this statement, but the latter is misleadingly indented as if it were guarded by the ‘if’
   89 |             if (a0 < 0.f) a0 = 0.f; if (a0 > 1.f) a0 = 1.f;
      |                                     ^~
/home/cosmo/Git/softgl/build/diagnostics/queue-cost-priority/source-root/tests/cases/test_208_terrain_blend.c:90:13: warning: this ‘if’ clause does not guard... [-Wmisleading-indentation]
   90 |             if (a1 < 0.f) a1 = 0.f; if (a1 > 1.f) a1 = 1.f;
      |             ^~
/home/cosmo/Git/softgl/build/diagnostics/queue-cost-priority/source-root/tests/cases/test_208_terrain_blend.c:90:37: note: ...this statement, but the latter is misleadingly indented as if it were guarded by the ‘if’
   90 |             if (a1 < 0.f) a1 = 0.f; if (a1 > 1.f) a1 = 1.f;
      |                                     ^~
[ 86%] Linking C executable ../tests_ref/ref_208_terrain_blend
[ 87%] Linking C executable ../tests_sgl/sgl_208_terrain_blend
[ 87%] Built target sgl_208_terrain_blend
[ 87%] Building C object tests/CMakeFiles/ref_209_particles_additive.dir/cases/test_209_particles_additive.c.o
[ 87%] Built target ref_207_glass_window
[ 87%] Built target ref_206_spot_projector
[ 87%] Building C object tests/CMakeFiles/sgl_209_particles_additive.dir/cases/test_209_particles_additive.c.o
[ 88%] Building C object tests/CMakeFiles/ref_210_portal_rooms.dir/cases/test_210_portal_rooms.c.o
[ 88%] Linking C executable ../tests_sgl/sgl_209_particles_additive
[ 88%] Linking C executable ../tests_ref/ref_210_portal_rooms
[ 88%] Built target sgl_209_particles_additive
[ 88%] Linking C executable ../tests_ref/ref_209_particles_additive
[ 88%] Building C object tests/CMakeFiles/sgl_210_portal_rooms.dir/cases/test_210_portal_rooms.c.o
[ 88%] Linking C executable ../tests_sgl/sgl_210_portal_rooms
[ 88%] Built target ref_208_terrain_blend
[ 88%] Building C object tests/CMakeFiles/ref_211_billboard_trees.dir/cases/test_211_billboard_trees.c.o
[ 88%] Built target sgl_210_portal_rooms
[ 88%] Building C object tests/CMakeFiles/sgl_211_billboard_trees.dir/cases/test_211_billboard_trees.c.o
[ 88%] Linking C executable ../tests_sgl/sgl_211_billboard_trees
[ 88%] Linking C executable ../tests_ref/ref_211_billboard_trees
[ 88%] Built target ref_210_portal_rooms
[ 88%] Building C object tests/CMakeFiles/ref_212_skybox_sun.dir/cases/test_212_skybox_sun.c.o
[ 88%] Built target sgl_211_billboard_trees
[ 88%] Building C object tests/CMakeFiles/sgl_212_skybox_sun.dir/cases/test_212_skybox_sun.c.o
[ 88%] Built target ref_209_particles_additive
[ 88%] Building C object tests/CMakeFiles/ref_213_lens_flare.dir/cases/test_213_lens_flare.c.o
[ 89%] Linking C executable ../tests_sgl/sgl_212_skybox_sun
[ 89%] Linking C executable ../tests_ref/ref_212_skybox_sun
[ 89%] Built target sgl_212_skybox_sun
[ 89%] Building C object tests/CMakeFiles/sgl_213_lens_flare.dir/cases/test_213_lens_flare.c.o
[ 89%] Linking C executable ../tests_ref/ref_213_lens_flare
[ 89%] Linking C executable ../tests_sgl/sgl_213_lens_flare
[ 89%] Built target ref_211_billboard_trees
[ 89%] Building C object tests/CMakeFiles/ref_214_decal_stencil.dir/cases/test_214_decal_stencil.c.o
[ 89%] Built target sgl_213_lens_flare
[ 89%] Building C object tests/CMakeFiles/sgl_214_decal_stencil.dir/cases/test_214_decal_stencil.c.o
[ 89%] Linking C executable ../tests_ref/ref_214_decal_stencil
[ 89%] Linking C executable ../tests_sgl/sgl_214_decal_stencil
[ 89%] Built target sgl_214_decal_stencil
[ 89%] Built target ref_212_skybox_sun
[ 89%] Building C object tests/CMakeFiles/ref_215_crt_emissive.dir/cases/test_215_crt_emissive.c.o
[ 89%] Building C object tests/CMakeFiles/sgl_215_crt_emissive.dir/cases/test_215_crt_emissive.c.o
[ 89%] Built target ref_213_lens_flare
[ 89%] Building C object tests/CMakeFiles/ref_216_water_surface.dir/cases/test_216_water_surface.c.o
[ 89%] Linking C executable ../tests_sgl/sgl_215_crt_emissive
[ 90%] Linking C executable ../tests_ref/ref_215_crt_emissive
[ 90%] Built target sgl_215_crt_emissive
[ 90%] Building C object tests/CMakeFiles/sgl_216_water_surface.dir/cases/test_216_water_surface.c.o
[ 90%] Linking C executable ../tests_ref/ref_216_water_surface
[ 90%] Linking C executable ../tests_sgl/sgl_216_water_surface
[ 90%] Built target ref_214_decal_stencil
[ 90%] Building C object tests/CMakeFiles/ref_217_dot3_multipass_fog.dir/cases/test_217_dot3_multipass_fog.c.o
[ 90%] Built target sgl_216_water_surface
[ 90%] Building C object tests/CMakeFiles/sgl_217_dot3_multipass_fog.dir/cases/test_217_dot3_multipass_fog.c.o
[ 90%] Linking C executable ../tests_sgl/sgl_217_dot3_multipass_fog
[ 90%] Built target ref_215_crt_emissive
[ 90%] Building C object tests/CMakeFiles/ref_218_worker_single_triangle.dir/cases/test_218_worker_single_triangle.c.o
[ 90%] Built target ref_216_water_surface
[ 90%] Built target sgl_217_dot3_multipass_fog
[ 91%] Building C object tests/CMakeFiles/sgl_218_worker_single_triangle.dir/cases/test_218_worker_single_triangle.c.o
[ 91%] Building C object tests/CMakeFiles/ref_219_normal_matrix_batches.dir/cases/test_219_normal_matrix_batches.c.o
[ 91%] Linking C executable ../tests_ref/ref_217_dot3_multipass_fog
[ 91%] Linking C executable ../tests_sgl/sgl_218_worker_single_triangle
[ 91%] Linking C executable ../tests_ref/ref_218_worker_single_triangle
[ 91%] Built target sgl_218_worker_single_triangle
[ 91%] Linking C executable ../tests_ref/ref_219_normal_matrix_batches
[ 91%] Building C object tests/CMakeFiles/sgl_219_normal_matrix_batches.dir/cases/test_219_normal_matrix_batches.c.o
[ 91%] Linking C executable ../tests_sgl/sgl_219_normal_matrix_batches
[ 91%] Built target sgl_219_normal_matrix_batches
[ 92%] Building C object tests/CMakeFiles/ref_220_texture_linear_fog.dir/cases/test_220_texture_linear_fog.c.o
[ 92%] Built target ref_218_worker_single_triangle
[ 92%] Built target ref_217_dot3_multipass_fog
[ 92%] Linking C executable ../tests_ref/ref_220_texture_linear_fog
[ 92%] Building C object tests/CMakeFiles/sgl_220_texture_linear_fog.dir/cases/test_220_texture_linear_fog.c.o
[ 92%] Building C object tests/CMakeFiles/ref_221_texture_state_batches.dir/cases/test_221_texture_state_batches.c.o
[ 92%] Linking C executable ../tests_sgl/sgl_220_texture_linear_fog
[ 92%] Built target ref_219_normal_matrix_batches
[ 92%] Linking C executable ../tests_ref/ref_221_texture_state_batches
[ 92%] Building C object tests/CMakeFiles/sgl_221_texture_state_batches.dir/cases/test_221_texture_state_batches.c.o
[ 92%] Built target sgl_220_texture_linear_fog
[ 92%] Building C object tests/CMakeFiles/ref_222_worker_quad_boundaries.dir/cases/test_222_worker_quad_boundaries.c.o
[ 92%] Linking C executable ../tests_sgl/sgl_221_texture_state_batches
[ 92%] Built target sgl_221_texture_state_batches
[ 92%] Linking C executable ../tests_ref/ref_222_worker_quad_boundaries
[ 92%] Building C object tests/CMakeFiles/sgl_222_worker_quad_boundaries.dir/cases/test_222_worker_quad_boundaries.c.o
[ 93%] Linking C executable ../tests_sgl/sgl_222_worker_quad_boundaries
[ 93%] Built target ref_220_texture_linear_fog
[ 93%] Built target sgl_222_worker_quad_boundaries
[ 93%] Building C object tests/CMakeFiles/ref_223_parallel_vertex_projection.dir/cases/test_223_parallel_vertex_projection.c.o
[ 93%] Building C object tests/CMakeFiles/sgl_223_parallel_vertex_projection.dir/cases/test_223_parallel_vertex_projection.c.o
[ 93%] Built target ref_221_texture_state_batches
[ 93%] Linking C executable ../tests_sgl/sgl_223_parallel_vertex_projection
[ 93%] Linking C executable ../tests_ref/ref_223_parallel_vertex_projection
[ 93%] Building C object tests/CMakeFiles/ref_224_parallel_occlusion_queries.dir/cases/test_224_parallel_occlusion_queries.c.o
[ 93%] Built target sgl_223_parallel_vertex_projection
[ 93%] Building C object tests/CMakeFiles/sgl_224_parallel_occlusion_queries.dir/cases/test_224_parallel_occlusion_queries.c.o
[ 93%] Linking C executable ../tests_ref/ref_224_parallel_occlusion_queries
[ 93%] Linking C executable ../tests_sgl/sgl_224_parallel_occlusion_queries
[ 93%] Built target ref_222_worker_quad_boundaries
[ 94%] Building C object tests/CMakeFiles/ref_225_transformed_bin_lifetime.dir/cases/test_225_transformed_bin_lifetime.c.o
[ 94%] Built target sgl_224_parallel_occlusion_queries
[ 94%] Building C object tests/CMakeFiles/sgl_225_transformed_bin_lifetime.dir/cases/test_225_transformed_bin_lifetime.c.o
[ 94%] Built target ref_223_parallel_vertex_projection
[ 94%] Building C object tests/CMakeFiles/ref_226_parallel_pool_queries.dir/cases/test_226_parallel_pool_queries.c.o
[ 94%] Linking C executable ../tests_ref/ref_225_transformed_bin_lifetime
[ 94%] Linking C executable ../tests_sgl/sgl_225_transformed_bin_lifetime
[ 94%] Built target ref_224_parallel_occlusion_queries
[ 94%] Built target sgl_225_transformed_bin_lifetime
[ 94%] Building C object tests/CMakeFiles/sgl_226_parallel_pool_queries.dir/cases/test_226_parallel_pool_queries.c.o
[ 94%] Building C object tests/CMakeFiles/ref_227_simd_color_rounding.dir/cases/test_227_simd_color_rounding.c.o
[ 94%] Linking C executable ../tests_ref/ref_226_parallel_pool_queries
[ 94%] Linking C executable ../tests_ref/ref_227_simd_color_rounding
[ 94%] Linking C executable ../tests_sgl/sgl_226_parallel_pool_queries
[ 94%] Built target sgl_226_parallel_pool_queries
[ 94%] Building C object tests/CMakeFiles/sgl_227_simd_color_rounding.dir/cases/test_227_simd_color_rounding.c.o
[ 94%] Built target ref_225_transformed_bin_lifetime
[ 95%] Linking C executable ../tests_sgl/sgl_227_simd_color_rounding
[ 95%] Building C object tests/CMakeFiles/ref_228_texture_repeat_coordinates.dir/cases/test_228_texture_repeat_coordinates.c.o
[ 95%] Built target sgl_227_simd_color_rounding
[ 95%] Building C object tests/CMakeFiles/sgl_228_texture_repeat_coordinates.dir/cases/test_228_texture_repeat_coordinates.c.o
[ 95%] Built target ref_226_parallel_pool_queries
[ 95%] Building C object tests/CMakeFiles/ref_229_scalar_early_depth.dir/cases/test_229_scalar_early_depth.c.o
[ 95%] Linking C executable ../tests_ref/ref_228_texture_repeat_coordinates
[ 95%] Built target ref_227_simd_color_rounding
[ 95%] Linking C executable ../tests_sgl/sgl_228_texture_repeat_coordinates
[ 95%] Building C object tests/CMakeFiles/sgl_229_scalar_early_depth.dir/cases/test_229_scalar_early_depth.c.o
[ 95%] Linking C executable ../tests_ref/ref_229_scalar_early_depth
[ 95%] Built target sgl_228_texture_repeat_coordinates
[ 95%] Building C object tests/CMakeFiles/ref_230_combiner_sampling_dependencies.dir/cases/test_230_combiner_sampling_dependencies.c.o
[ 95%] Linking C executable ../tests_sgl/sgl_229_scalar_early_depth
[ 95%] Built target sgl_229_scalar_early_depth
[ 95%] Building C object tests/CMakeFiles/sgl_230_combiner_sampling_dependencies.dir/cases/test_230_combiner_sampling_dependencies.c.o
[ 95%] Linking C executable ../tests_ref/ref_230_combiner_sampling_dependencies
[ 95%] Linking C executable ../tests_sgl/sgl_230_combiner_sampling_dependencies
[ 95%] Built target sgl_230_combiner_sampling_dependencies
[ 95%] Building C object tests/CMakeFiles/ref_231_order_sensitive_sorting.dir/cases/test_231_order_sensitive_sorting.c.o
[ 95%] Built target ref_229_scalar_early_depth
[ 95%] Built target ref_228_texture_repeat_coordinates
[ 95%] Building C object tests/CMakeFiles/sgl_231_order_sensitive_sorting.dir/cases/test_231_order_sensitive_sorting.c.o
[ 95%] Building C object tests/CMakeFiles/ref_232_combiner_operand_channels.dir/cases/test_232_combiner_operand_channels.c.o
[ 95%] Linking C executable ../tests_ref/ref_231_order_sensitive_sorting
[ 95%] Linking C executable ../tests_sgl/sgl_231_order_sensitive_sorting
[ 95%] Built target sgl_231_order_sensitive_sorting
[ 95%] Linking C executable ../tests_ref/ref_232_combiner_operand_channels
[ 96%] Building C object tests/CMakeFiles/sgl_232_combiner_operand_channels.dir/cases/test_232_combiner_operand_channels.c.o
[ 96%] Linking C executable ../tests_sgl/sgl_232_combiner_operand_channels
[ 96%] Built target ref_230_combiner_sampling_dependencies
[ 96%] Building C object tests/CMakeFiles/ref_233_large_query_handoffs.dir/cases/test_233_large_query_handoffs.c.o
[ 96%] Built target sgl_232_combiner_operand_channels
[ 96%] Building C object tests/CMakeFiles/sgl_233_large_query_handoffs.dir/cases/test_233_large_query_handoffs.c.o
[ 96%] Linking C executable ../tests_sgl/sgl_233_large_query_handoffs
[ 96%] Linking C executable ../tests_ref/ref_233_large_query_handoffs
[ 96%] Built target ref_231_order_sensitive_sorting
[ 96%] Built target sgl_233_large_query_handoffs
[ 96%] Building C object tests/CMakeFiles/ref_234_multisample_state.dir/cases/test_234_multisample_state.c.o
[ 96%] Building C object tests/CMakeFiles/sgl_234_multisample_state.dir/cases/test_234_multisample_state.c.o
[ 96%] Linking C executable ../tests_sgl/sgl_234_multisample_state
[ 96%] Built target ref_232_combiner_operand_channels
[ 96%] Building C object tests/CMakeFiles/ref_tank_view_0.dir/bench/tank_image.c.o
[ 97%] Linking C executable ../tests_ref/ref_234_multisample_state
[ 97%] Built target sgl_234_multisample_state
[ 97%] Building C object tests/CMakeFiles/sgl_tank_view_0.dir/bench/tank_image.c.o
[ 97%] Linking C executable sgl_tank_view_0
[ 97%] Linking C executable ref_tank_view_0
[ 97%] Built target sgl_tank_view_0
[ 97%] Building C object tests/CMakeFiles/ref_tank_view_120.dir/bench/tank_image.c.o
[ 97%] Built target ref_233_large_query_handoffs
[ 97%] Building C object tests/CMakeFiles/sgl_tank_view_120.dir/bench/tank_image.c.o
[ 97%] Linking C executable ref_tank_view_120
[ 97%] Linking C executable sgl_tank_view_120
[ 97%] Built target sgl_tank_view_120
[ 97%] Building C object tests/CMakeFiles/ref_tank_view_240.dir/bench/tank_image.c.o
[ 97%] Built target ref_234_multisample_state
[ 98%] Building C object tests/CMakeFiles/sgl_tank_view_240.dir/bench/tank_image.c.o
[ 98%] Linking C executable sgl_tank_view_240
[ 98%] Built target ref_tank_view_0
[ 98%] Linking C executable ref_tank_view_240
[ 98%] Building C object tests/CMakeFiles/ref_bmw_view_0.dir/bench/model_image.c.o
[ 98%] Built target sgl_tank_view_240
[ 98%] Building C object tests/CMakeFiles/sgl_bmw_view_0.dir/bench/model_image.c.o
[ 98%] Linking C executable sgl_bmw_view_0
[ 98%] Linking C executable ref_bmw_view_0
[ 98%] Built target sgl_bmw_view_0
[ 98%] Building C object tests/CMakeFiles/ref_bmw_view_120.dir/bench/model_image.c.o
[ 98%] Built target ref_tank_view_120
[ 98%] Building C object tests/CMakeFiles/sgl_bmw_view_120.dir/bench/model_image.c.o
[ 98%] Linking C executable sgl_bmw_view_120
[ 98%] Linking C executable ref_bmw_view_120
[ 98%] Built target sgl_bmw_view_120
[ 98%] Building C object tests/CMakeFiles/ref_bmw_view_240.dir/bench/model_image.c.o
[ 98%] Built target ref_tank_view_240
[ 98%] Building C object tests/CMakeFiles/sgl_bmw_view_240.dir/bench/model_image.c.o
[ 99%] Linking C executable ref_bmw_view_240
[ 99%] Linking C executable sgl_bmw_view_240
[ 99%] Built target ref_bmw_view_0
[100%] Built target queue_priority_contract
[100%] Built target sgl_bmw_view_240
[100%] Building C object tests/CMakeFiles/msaa_edge_contract.dir/msaa_edges.c.o
[100%] Built target ref_bmw_view_120
[100%] Linking C executable msaa_edge_contract
[100%] Built target msaa_edge_contract
[100%] Built target ref_bmw_view_240
